-- phpMyAdmin SQL Dump
-- version 4.8.3
-- https://www.phpmyadmin.net/
--
-- Host: 127.0.0.1
-- Generation Time: Nov 08, 2019 at 07:48 PM
-- Server version: 10.1.36-MariaDB
-- PHP Version: 7.2.10

SET SQL_MODE = "NO_AUTO_VALUE_ON_ZERO";
SET AUTOCOMMIT = 0;
START TRANSACTION;
SET time_zone = "+00:00";


/*!40101 SET @OLD_CHARACTER_SET_CLIENT=@@CHARACTER_SET_CLIENT */;
/*!40101 SET @OLD_CHARACTER_SET_RESULTS=@@CHARACTER_SET_RESULTS */;
/*!40101 SET @OLD_COLLATION_CONNECTION=@@COLLATION_CONNECTION */;
/*!40101 SET NAMES utf8mb4 */;

--
-- Database: `laravel_eapi`
--

-- --------------------------------------------------------

--
-- Table structure for table `migrations`
--

CREATE TABLE `migrations` (
  `id` int(10) UNSIGNED NOT NULL,
  `migration` varchar(255) COLLATE utf8mb4_unicode_ci NOT NULL,
  `batch` int(11) NOT NULL
) ENGINE=InnoDB DEFAULT CHARSET=utf8mb4 COLLATE=utf8mb4_unicode_ci;

--
-- Dumping data for table `migrations`
--

INSERT INTO `migrations` (`id`, `migration`, `batch`) VALUES
(1, '2014_10_12_000000_create_users_table', 1),
(2, '2014_10_12_100000_create_password_resets_table', 1),
(3, '2019_11_08_135250_create_products_table', 1),
(4, '2019_11_08_135813_create_reviews_table', 1);

-- --------------------------------------------------------

--
-- Table structure for table `password_resets`
--

CREATE TABLE `password_resets` (
  `email` varchar(255) COLLATE utf8mb4_unicode_ci NOT NULL,
  `token` varchar(255) COLLATE utf8mb4_unicode_ci NOT NULL,
  `created_at` timestamp NULL DEFAULT NULL
) ENGINE=InnoDB DEFAULT CHARSET=utf8mb4 COLLATE=utf8mb4_unicode_ci;

-- --------------------------------------------------------

--
-- Table structure for table `products`
--

CREATE TABLE `products` (
  `id` int(10) UNSIGNED NOT NULL,
  `name` varchar(255) COLLATE utf8mb4_unicode_ci NOT NULL,
  `details` text COLLATE utf8mb4_unicode_ci NOT NULL,
  `price` int(11) NOT NULL,
  `stock` int(11) NOT NULL,
  `discount` int(11) NOT NULL,
  `created_at` timestamp NULL DEFAULT NULL,
  `updated_at` timestamp NULL DEFAULT NULL
) ENGINE=InnoDB DEFAULT CHARSET=utf8mb4 COLLATE=utf8mb4_unicode_ci;

--
-- Dumping data for table `products`
--

INSERT INTO `products` (`id`, `name`, `details`, `price`, `stock`, `discount`, `created_at`, `updated_at`) VALUES
(1, 'distinctio', 'Est aliquid labore corporis omnis. Sed neque harum perferendis ut odio et. Ut explicabo quisquam repellendus molestias inventore.', 695, 4, 26, '2019-11-08 12:16:51', '2019-11-08 12:16:51'),
(2, 'est', 'Sed pariatur ipsam dolore deserunt sequi repudiandae. Sequi et temporibus deserunt quia fugiat consectetur. Repellat exercitationem architecto nobis illo dolor eos voluptas. Officia mollitia est temporibus nulla similique in quasi.', 185, 0, 8, '2019-11-08 12:16:51', '2019-11-08 12:16:51'),
(3, 'voluptas', 'Aut commodi est omnis dolor amet quod. Quidem voluptatem dolorem est aspernatur ex autem. Accusantium est quas non ipsam delectus.', 902, 0, 26, '2019-11-08 12:16:52', '2019-11-08 12:16:52'),
(4, 'dicta', 'Est voluptas doloremque quo explicabo omnis. Aperiam dolorem et ratione maiores in tempora. Dolores saepe accusantium quisquam error aut.', 159, 1, 29, '2019-11-08 12:16:52', '2019-11-08 12:16:52'),
(5, 'aut', 'Eius non a vel. Est sed doloremque aperiam perspiciatis quae ut animi. Amet et corporis corporis minus earum delectus. Dolor enim nihil provident dolorem.', 976, 5, 8, '2019-11-08 12:16:52', '2019-11-08 12:16:52'),
(6, 'vel', 'Omnis minus at cupiditate quasi quisquam doloribus quaerat. Enim est nesciunt suscipit.', 141, 9, 29, '2019-11-08 12:16:52', '2019-11-08 12:16:52'),
(7, 'molestiae', 'Adipisci totam reiciendis debitis totam et voluptatem optio porro. Ea repellat accusantium placeat eligendi ut maiores non. Est ad ut enim fugit aut doloremque labore itaque. Error sed rerum veritatis consequatur amet aliquid et.', 289, 4, 7, '2019-11-08 12:16:52', '2019-11-08 12:16:52'),
(8, 'nostrum', 'Deserunt et voluptas soluta labore. Voluptatem iste minima quia et minus est. Dolor non explicabo eum consequatur distinctio mollitia assumenda. Doloremque sunt dolorem autem explicabo.', 893, 5, 10, '2019-11-08 12:16:52', '2019-11-08 12:16:52'),
(9, 'voluptatem', 'Aliquid molestias distinctio perspiciatis recusandae velit natus. Excepturi rerum natus qui est quo quod consequatur. Ut consequuntur qui qui facilis et.', 149, 7, 30, '2019-11-08 12:16:52', '2019-11-08 12:16:52'),
(10, 'blanditiis', 'Voluptatum delectus doloribus ab quis consequatur rerum pariatur. Maiores molestias expedita assumenda et. Repudiandae consectetur aut voluptas voluptatem est dolor. Cum suscipit eum et dicta eum enim velit.', 389, 4, 21, '2019-11-08 12:16:52', '2019-11-08 12:16:52'),
(11, 'labore', 'Autem consectetur autem similique dignissimos nostrum. Qui provident sit veritatis dignissimos enim esse. Et et quaerat dolorem distinctio.', 702, 7, 12, '2019-11-08 12:16:52', '2019-11-08 12:16:52'),
(12, 'qui', 'Natus recusandae minima quo sint. Laboriosam quos beatae neque illum dolorem vitae vel. In non rerum aut est.', 928, 2, 24, '2019-11-08 12:16:52', '2019-11-08 12:16:52'),
(13, 'quia', 'Autem reiciendis aut suscipit officiis laboriosam pariatur voluptatem. Soluta exercitationem aut ut maiores atque quos. Ipsum unde sapiente sequi qui.', 578, 3, 27, '2019-11-08 12:16:52', '2019-11-08 12:16:52'),
(14, 'ut', 'Odit sequi exercitationem delectus. Praesentium eos dolor ut aut qui deserunt. Optio voluptates quaerat explicabo impedit sed ullam et. Quaerat praesentium quaerat porro dolorum. Optio voluptatibus ex accusamus totam omnis dolorum non.', 313, 6, 25, '2019-11-08 12:16:52', '2019-11-08 12:16:52'),
(15, 'deserunt', 'Maiores est commodi ut placeat optio. Rem eligendi rerum perspiciatis ab consequuntur rerum. Eum cumque repudiandae voluptatum unde.', 994, 6, 23, '2019-11-08 12:16:52', '2019-11-08 12:16:52'),
(16, 'sapiente', 'Aut et voluptas nihil esse at rerum. Fuga animi tempora odio est eveniet.', 415, 5, 22, '2019-11-08 12:16:52', '2019-11-08 12:16:52'),
(17, 'et', 'Velit vel et blanditiis facilis ducimus et. Fuga vel corporis atque rerum magni repudiandae explicabo. Qui ipsum consectetur ad. Non praesentium quod facilis itaque dolorem reprehenderit nihil.', 429, 4, 26, '2019-11-08 12:16:52', '2019-11-08 12:16:52'),
(18, 'consequatur', 'Nulla sequi earum voluptate. Eligendi voluptate dignissimos distinctio architecto necessitatibus veniam. Nihil similique ducimus impedit voluptate quasi soluta. Quis aperiam id tempora est recusandae voluptatibus quia ea.', 261, 1, 21, '2019-11-08 12:16:52', '2019-11-08 12:16:52'),
(19, 'vero', 'Autem omnis nulla qui neque autem reiciendis reiciendis. Et ab officia accusantium consequuntur asperiores dicta officia. Quos odio doloribus expedita sed exercitationem quae.', 235, 1, 18, '2019-11-08 12:16:52', '2019-11-08 12:16:52'),
(20, 'odio', 'Nam odit porro deleniti debitis autem voluptates expedita voluptas. Rem amet natus quos labore. Laboriosam ex in accusantium deserunt. Officiis sed qui id eum sequi vitae.', 621, 8, 7, '2019-11-08 12:16:52', '2019-11-08 12:16:52'),
(21, 'sapiente', 'Repellendus officia aut ad eveniet quaerat. Aut quis quod eos est. Enim aspernatur rerum minima ex.', 212, 2, 19, '2019-11-08 12:16:52', '2019-11-08 12:16:52'),
(22, 'nobis', 'Numquam vel et iste illum blanditiis. Voluptatibus modi optio laborum omnis minima dolores. Sint eum tempore sit voluptas pariatur et dicta ex. In temporibus beatae ab delectus deserunt dolorem.', 406, 4, 13, '2019-11-08 12:16:52', '2019-11-08 12:16:52'),
(23, 'et', 'Dolores eos nam voluptatem molestiae. Consequuntur consequatur accusantium a et molestiae ab qui. Quibusdam nobis temporibus nam fugit. Qui doloribus itaque ut atque eaque. Possimus dicta laudantium enim voluptates omnis labore sed provident.', 220, 8, 20, '2019-11-08 12:16:52', '2019-11-08 12:16:52'),
(24, 'vitae', 'Assumenda sed et quibusdam ut sit reprehenderit est. Consequuntur libero velit illum. Voluptatem eveniet est ut non reiciendis sed.', 724, 9, 21, '2019-11-08 12:16:53', '2019-11-08 12:16:53'),
(25, 'et', 'Aut amet incidunt quia nisi id libero inventore. Atque dolores consequatur sed non pariatur repellendus explicabo vel. Impedit laborum voluptates exercitationem quam.', 727, 6, 28, '2019-11-08 12:16:53', '2019-11-08 12:16:53'),
(26, 'occaecati', 'Eligendi repudiandae voluptatem aut doloribus architecto ad totam. Dolor similique id velit iusto quia dolores. Aliquid itaque quod ex sunt rerum.', 880, 8, 5, '2019-11-08 12:16:53', '2019-11-08 12:16:53'),
(27, 'ut', 'Dolor voluptatem neque quia tempore nihil. Eum consequuntur tempora ut laboriosam. Ipsa voluptatum perferendis consectetur eius sed iste.', 691, 0, 6, '2019-11-08 12:16:53', '2019-11-08 12:16:53'),
(28, 'id', 'Doloremque consequatur voluptas et nihil accusantium dolorum. Magnam consequatur nobis fugit excepturi non quia sunt. Enim qui non ex dolorum nulla impedit dolor ea. Voluptatem rerum non voluptatibus totam.', 847, 7, 3, '2019-11-08 12:16:53', '2019-11-08 12:16:53'),
(29, 'consequatur', 'Nisi vel rerum voluptatem aliquid. Est enim aut est sit qui. Soluta qui ut sit sed quasi et quia. Placeat ipsum quidem est et atque.', 429, 4, 2, '2019-11-08 12:16:53', '2019-11-08 12:16:53'),
(30, 'facilis', 'Eum suscipit necessitatibus commodi et veritatis. Omnis ut sint perferendis. Nesciunt aut ipsam rerum atque est cumque sint.', 200, 4, 24, '2019-11-08 12:16:53', '2019-11-08 12:16:53'),
(31, 'sint', 'Dolor consequatur enim vero officiis. Aut asperiores id nesciunt a ea nulla. Temporibus incidunt quasi facere delectus facilis maxime inventore.', 841, 1, 15, '2019-11-08 12:16:53', '2019-11-08 12:16:53'),
(32, 'et', 'Quam cupiditate enim repellat. Voluptas omnis eaque qui similique voluptatibus.', 188, 5, 8, '2019-11-08 12:16:53', '2019-11-08 12:16:53'),
(33, 'asperiores', 'Perspiciatis omnis sit alias possimus quaerat. Quibusdam dolor voluptatem odio tempora inventore. Repellat est et aut eum sunt. Molestias distinctio autem sint est eum qui.', 264, 7, 28, '2019-11-08 12:16:53', '2019-11-08 12:16:53'),
(34, 'culpa', 'Soluta laudantium sit eum asperiores ut dolor. Aut voluptatem reprehenderit harum nulla sequi ad. At sint corporis deleniti quisquam et omnis.', 266, 2, 8, '2019-11-08 12:16:53', '2019-11-08 12:16:53'),
(35, 'qui', 'Sint animi omnis molestiae aspernatur assumenda impedit. Delectus totam aut quis qui perspiciatis. Commodi omnis enim fugit. Provident maiores earum odio voluptatem.', 594, 5, 11, '2019-11-08 12:16:53', '2019-11-08 12:16:53'),
(36, 'excepturi', 'Accusantium fugiat perferendis dolor dolore iste corrupti adipisci. Officia aut veniam laborum. Aliquid sed sit enim vero qui ut. Mollitia repudiandae deserunt culpa culpa.', 523, 3, 12, '2019-11-08 12:16:53', '2019-11-08 12:16:53'),
(37, 'harum', 'Dolorum quo id qui est sint distinctio. Rem esse unde dolorum vero est dolorum quam. Iusto excepturi voluptas sit ipsum quia dolores ad.', 519, 1, 16, '2019-11-08 12:16:53', '2019-11-08 12:16:53'),
(38, 'autem', 'Omnis repudiandae minima et quas et. Ea alias quia labore voluptate quisquam optio dolorem. Minus aut quia aut provident. Eum repellat at perspiciatis aut animi.', 392, 3, 23, '2019-11-08 12:16:53', '2019-11-08 12:16:53'),
(39, 'voluptatem', 'Ut vel iusto aliquam laudantium consectetur. In et quia vero ut sapiente dolores. Maiores reprehenderit saepe magni qui officia. Aut non atque sit eos voluptatem enim.', 535, 4, 13, '2019-11-08 12:16:53', '2019-11-08 12:16:53'),
(40, 'distinctio', 'Dicta rerum velit error incidunt quasi. Modi quia voluptatem magnam quia eveniet sunt quas. Et quia et ad ratione possimus saepe sint. Cum ea consequatur nam.', 203, 5, 4, '2019-11-08 12:16:53', '2019-11-08 12:16:53'),
(41, 'occaecati', 'Sit et et alias fuga repudiandae. Neque qui sequi ducimus velit eos illum. Sed eum maiores qui aut tempora voluptates. Non quis est aut iusto harum.', 287, 7, 14, '2019-11-08 12:16:53', '2019-11-08 12:16:53'),
(42, 'dignissimos', 'Accusantium autem expedita possimus quo optio sunt. Eum totam dolorem laboriosam dolores ullam ipsum. Ipsam non quasi voluptatem voluptatem. Aut optio incidunt veniam animi maiores aut.', 524, 5, 30, '2019-11-08 12:16:53', '2019-11-08 12:16:53'),
(43, 'cumque', 'Et eum nulla est quidem error corrupti. Unde harum est voluptatem consectetur nam minima.', 528, 2, 3, '2019-11-08 12:16:53', '2019-11-08 12:16:53'),
(44, 'qui', 'Aut modi doloremque non quae dicta doloribus. Voluptatum et aspernatur aut sint veritatis quis odit. Neque doloribus sapiente autem asperiores repudiandae non.', 277, 6, 24, '2019-11-08 12:16:53', '2019-11-08 12:16:53'),
(45, 'illum', 'Ut quo dolores magnam ut. Animi tenetur ut nulla ducimus rem id.', 800, 2, 27, '2019-11-08 12:16:53', '2019-11-08 12:16:53'),
(46, 'assumenda', 'Quam beatae ut expedita aut quibusdam veniam. Est quasi necessitatibus quam sint dolore. Pariatur rerum aut necessitatibus est commodi et.', 916, 9, 25, '2019-11-08 12:16:53', '2019-11-08 12:16:53'),
(47, 'dolorem', 'Eius minima aut qui ducimus nisi et. Modi rerum sit qui eius ut sunt. Sint repellendus provident sed delectus facere rerum accusantium. Veritatis dolorem omnis rerum ducimus debitis et debitis.', 874, 8, 5, '2019-11-08 12:16:53', '2019-11-08 12:16:53'),
(48, 'adipisci', 'At quod esse recusandae illo illum voluptatem. Quae aperiam exercitationem dolor in. Accusantium sit perferendis dicta rerum et. Maxime non rerum libero totam quos nisi.', 671, 4, 11, '2019-11-08 12:16:53', '2019-11-08 12:16:53'),
(49, 'dignissimos', 'Atque inventore sint voluptas et exercitationem est. Et repudiandae delectus hic dolorem. Accusantium voluptate vero amet voluptas.', 930, 4, 25, '2019-11-08 12:16:54', '2019-11-08 12:16:54'),
(50, 'ut', 'Et harum nemo cum omnis cum quod aut. Quae quaerat enim voluptates nobis et cupiditate architecto. Sit aspernatur dicta distinctio. Repudiandae illum vitae quasi sint enim molestiae quia.', 203, 2, 17, '2019-11-08 12:16:54', '2019-11-08 12:16:54'),
(51, 'sapiente', 'Quasi molestias mollitia et rerum corrupti mollitia sequi qui. Dolorem quia quas et sed. Et cupiditate veritatis officiis natus.', 114, 1, 14, '2019-11-08 12:38:52', '2019-11-08 12:38:52'),
(52, 'tempore', 'Qui sit error veniam voluptatem. Nulla hic eum neque minus nam. Dignissimos voluptatem officiis rem accusamus. Est quo nisi deserunt eveniet. Qui est aut recusandae.', 102, 0, 28, '2019-11-08 12:38:52', '2019-11-08 12:38:52'),
(53, 'cum', 'Quod aliquam et harum cum sint magni nam voluptatem. Molestias et sunt aperiam atque quidem. Debitis quam quia autem neque quae asperiores. Et vero ut quia magnam distinctio.', 951, 6, 16, '2019-11-08 12:38:52', '2019-11-08 12:38:52'),
(54, 'a', 'Nisi harum recusandae et. Est omnis qui nulla. Provident ullam sed facilis nemo quaerat.', 584, 7, 10, '2019-11-08 12:38:52', '2019-11-08 12:38:52'),
(55, 'eum', 'Doloribus animi natus soluta neque illum. In maxime et consequuntur aut et enim. Perspiciatis vel iusto quia porro est quia rerum.', 120, 7, 28, '2019-11-08 12:38:52', '2019-11-08 12:38:52'),
(56, 'architecto', 'Maiores beatae voluptatibus id omnis error qui. Dolor et odit voluptatum eius modi commodi. Fugiat iure expedita dolor rerum nisi rerum.', 199, 3, 10, '2019-11-08 12:38:52', '2019-11-08 12:38:52'),
(57, 'facere', 'Accusantium tempore totam modi facilis sit esse et quaerat. Aut omnis sit assumenda id dolores amet eveniet deserunt. Voluptas quis non nihil perspiciatis.', 781, 3, 27, '2019-11-08 12:38:53', '2019-11-08 12:38:53'),
(58, 'consequuntur', 'Ut fugiat iure fuga voluptatem. Laudantium nobis architecto aperiam sapiente impedit. Ullam repellendus enim vel.', 664, 1, 13, '2019-11-08 12:38:53', '2019-11-08 12:38:53'),
(59, 'placeat', 'Aut ut ut quod excepturi voluptas deserunt. Quaerat nisi minima similique nulla odio ut quia. Earum dolor corrupti qui sit sint molestiae. Numquam est assumenda magnam quis iure aliquam aut et.', 412, 7, 9, '2019-11-08 12:38:53', '2019-11-08 12:38:53'),
(60, 'exercitationem', 'Dolores sit consequatur deleniti sunt. Numquam exercitationem aliquid possimus totam. Molestiae ratione temporibus qui et natus praesentium. Odit velit est ullam aliquid.', 534, 3, 9, '2019-11-08 12:38:53', '2019-11-08 12:38:53'),
(61, 'ad', 'Quod sequi aut commodi consectetur nam voluptatem. Voluptate nihil ut ex aliquid. Quae minima est velit quasi aut ratione quibusdam. Consequatur dicta maiores aut. In vitae alias beatae est quod.', 509, 3, 7, '2019-11-08 12:38:53', '2019-11-08 12:38:53'),
(62, 'eum', 'Molestiae autem consequuntur mollitia eum eum eius. Tempore aut eius consequatur nemo ut eveniet. Ipsam harum et nesciunt omnis itaque.', 409, 7, 27, '2019-11-08 12:38:53', '2019-11-08 12:38:53'),
(63, 'nulla', 'Repudiandae qui earum quis molestiae maiores aut. Similique est occaecati laudantium consequatur. Est laboriosam officiis omnis sapiente soluta. Voluptas autem voluptatem sunt delectus et.', 938, 2, 9, '2019-11-08 12:38:53', '2019-11-08 12:38:53'),
(64, 'temporibus', 'Numquam officia eos vel itaque ullam cupiditate similique sit. Quasi qui omnis explicabo. Fuga officia magni ea et sequi. Iusto rerum quia ut ab possimus magni.', 225, 0, 13, '2019-11-08 12:38:53', '2019-11-08 12:38:53'),
(65, 'officiis', 'Alias quisquam voluptatem minima sapiente itaque. Voluptatem possimus beatae non quia omnis ad. Earum eius tenetur error velit officia. Ullam perferendis at explicabo eius minima nulla odit et. Dolor aliquid quod mollitia sint quasi et eius.', 888, 1, 20, '2019-11-08 12:38:53', '2019-11-08 12:38:53'),
(66, 'magnam', 'Voluptatem sed dolorem nihil velit facere omnis. Ut quo natus quia cum beatae. Molestiae dolor amet enim aut id dolore.', 666, 2, 30, '2019-11-08 12:38:53', '2019-11-08 12:38:53'),
(67, 'dolores', 'Saepe mollitia cupiditate et modi deserunt perspiciatis corporis. Labore qui eligendi unde nihil cumque qui non recusandae. Aut illo debitis voluptates aut. Quia adipisci fugiat est quae quo quidem repellendus.', 291, 0, 23, '2019-11-08 12:38:53', '2019-11-08 12:38:53'),
(68, 'nisi', 'Nesciunt et nemo non architecto ut rerum non. Dolor alias hic reprehenderit praesentium atque eveniet. Mollitia quia voluptatem nemo voluptates saepe sint error. Voluptas odio quas nisi.', 510, 1, 26, '2019-11-08 12:38:53', '2019-11-08 12:38:53'),
(69, 'rem', 'Temporibus et consequatur sed rerum. Voluptas et a doloribus sit veritatis quaerat vero doloribus. Ut sint commodi beatae sed harum ut. Velit blanditiis corporis voluptatibus vel explicabo aliquid optio est.', 644, 3, 4, '2019-11-08 12:38:53', '2019-11-08 12:38:53'),
(70, 'voluptate', 'Quis aut quam occaecati molestiae. Delectus numquam exercitationem odit molestias aut dolore dolorum. Nesciunt facilis dolores provident cupiditate ea.', 478, 6, 3, '2019-11-08 12:38:53', '2019-11-08 12:38:53'),
(71, 'sequi', 'In expedita modi est illum ullam temporibus deleniti. Id nobis sint rerum possimus minima non placeat. Ullam ut quisquam dolores.', 119, 0, 30, '2019-11-08 12:38:53', '2019-11-08 12:38:53'),
(72, 'sequi', 'Quis voluptate et aliquid ut nam officia quisquam. Veniam enim inventore ab ducimus. Quo sit quisquam accusamus nobis. Officia qui vel enim doloribus.', 144, 4, 17, '2019-11-08 12:38:53', '2019-11-08 12:38:53'),
(73, 'facere', 'Corrupti excepturi consequatur ipsum corporis corporis voluptatibus. Natus et ab beatae eveniet dolorem molestiae. Qui magnam maiores rerum minus ipsam odit adipisci.', 733, 2, 19, '2019-11-08 12:38:53', '2019-11-08 12:38:53'),
(74, 'voluptas', 'Doloribus adipisci culpa harum. Quae tempora qui consequatur amet quia consectetur nisi dicta. Ut et molestiae veniam expedita dolores nemo.', 250, 0, 12, '2019-11-08 12:38:53', '2019-11-08 12:38:53'),
(75, 'velit', 'Sit porro omnis deleniti consequatur sed rerum modi. Dolorum et natus sunt doloribus soluta sed in.', 152, 4, 19, '2019-11-08 12:38:53', '2019-11-08 12:38:53'),
(76, 'officia', 'Temporibus exercitationem molestias alias dolorem velit error. Tenetur repudiandae aliquam mollitia accusantium sapiente doloremque ut voluptatem. Atque repellendus similique quos et in deleniti et.', 675, 2, 23, '2019-11-08 12:38:54', '2019-11-08 12:38:54'),
(77, 'hic', 'Ut sit odit quia et deserunt. Ut tempora eum alias ipsa voluptates ut. Consequatur iure voluptatum omnis laudantium mollitia.', 309, 0, 11, '2019-11-08 12:38:54', '2019-11-08 12:38:54'),
(78, 'in', 'Omnis iste id nulla voluptatum vel veritatis dolor. Quidem ut ab dicta iure. Corporis ut eius explicabo ut autem. Suscipit expedita necessitatibus commodi autem.', 237, 2, 22, '2019-11-08 12:38:54', '2019-11-08 12:38:54'),
(79, 'neque', 'Quasi sunt ratione eius dolor et. Aliquid minima laboriosam unde aut quam cumque.', 967, 8, 28, '2019-11-08 12:38:54', '2019-11-08 12:38:54'),
(80, 'nisi', 'Perferendis molestias blanditiis omnis est voluptatem accusamus. Maiores ut fugiat necessitatibus. Distinctio consequatur consequatur at voluptatem doloremque id. Esse veniam alias ad itaque sint facilis ad.', 679, 4, 6, '2019-11-08 12:38:54', '2019-11-08 12:38:54'),
(81, 'aut', 'Eum aliquam soluta illum labore id unde et. Libero sint hic error velit voluptatem. Aut blanditiis unde ea molestiae excepturi quo. Omnis non quibusdam architecto ullam. Et repudiandae atque sunt.', 513, 6, 16, '2019-11-08 12:38:54', '2019-11-08 12:38:54'),
(82, 'quia', 'Itaque vero dolorum dolorum aliquam error. Veritatis aperiam harum laborum voluptas deleniti. Distinctio enim necessitatibus reprehenderit quasi.', 806, 6, 6, '2019-11-08 12:38:54', '2019-11-08 12:38:54'),
(83, 'deleniti', 'Voluptatem qui velit voluptas aspernatur. Quidem ut hic tenetur maxime explicabo et. Repudiandae soluta earum excepturi. Cumque omnis impedit ut doloribus laudantium nobis. Est sed excepturi eaque enim nisi aliquid esse.', 114, 7, 29, '2019-11-08 12:38:54', '2019-11-08 12:38:54'),
(84, 'libero', 'Est omnis enim aut. Molestias deleniti est atque voluptas. Velit saepe odio impedit doloribus aut ullam.', 400, 8, 5, '2019-11-08 12:38:54', '2019-11-08 12:38:54'),
(85, 'quisquam', 'Laudantium quidem non aut tempore explicabo laudantium. Et beatae dolore voluptas porro placeat blanditiis quia. Quas hic voluptate omnis sed eligendi.', 814, 6, 14, '2019-11-08 12:38:54', '2019-11-08 12:38:54'),
(86, 'vel', 'Voluptas ut temporibus iste atque cumque. Quo cumque dolores recusandae. Consectetur facere sint nam qui cupiditate eos quo. Assumenda commodi enim totam assumenda quia.', 374, 0, 8, '2019-11-08 12:38:54', '2019-11-08 12:38:54'),
(87, 'perferendis', 'Vel veritatis quibusdam est assumenda ad. Accusamus et molestiae non earum doloremque. Voluptatem in vel ipsum.', 716, 6, 5, '2019-11-08 12:38:54', '2019-11-08 12:38:54'),
(88, 'suscipit', 'Iure voluptatem sit tempore expedita. Fugit ut veritatis et accusamus. At dolor cupiditate laborum explicabo. Illo quia accusamus consequatur doloribus cumque qui ratione. Voluptatum blanditiis esse magnam deserunt corporis deserunt.', 760, 5, 12, '2019-11-08 12:38:54', '2019-11-08 12:38:54'),
(89, 'harum', 'Eum omnis provident similique est aliquam expedita. In qui tempore sapiente architecto nobis voluptas et temporibus. Dicta qui repudiandae consequatur. Labore totam aliquam est distinctio ipsa neque necessitatibus.', 551, 7, 8, '2019-11-08 12:38:54', '2019-11-08 12:38:54'),
(90, 'suscipit', 'Sit maxime magni temporibus magni totam reprehenderit. Et mollitia illo necessitatibus perferendis hic illo qui expedita. Iusto sit alias quis tempora ut aliquam eum.', 913, 3, 9, '2019-11-08 12:38:54', '2019-11-08 12:38:54'),
(91, 'soluta', 'Et illo possimus natus et eum. Rerum et debitis rem ducimus occaecati similique. Quia rerum hic at excepturi.', 220, 8, 26, '2019-11-08 12:38:54', '2019-11-08 12:38:54'),
(92, 'ipsam', 'Non fugiat qui iusto explicabo veritatis et. Voluptatem voluptate aut modi laudantium et nisi. Nam sunt sed voluptatibus commodi quos est. Cum fugiat nemo vel culpa quo quasi.', 435, 5, 23, '2019-11-08 12:38:54', '2019-11-08 12:38:54'),
(93, 'qui', 'Porro consequatur reprehenderit eum tempore culpa. Incidunt voluptas quasi at perferendis doloribus sed. Repellendus cumque corporis ut et possimus voluptatibus rerum.', 329, 8, 11, '2019-11-08 12:38:54', '2019-11-08 12:38:54'),
(94, 'velit', 'In ut et et minus ut quas. Rerum beatae et modi aliquam deserunt saepe consequatur. Omnis velit laborum eligendi commodi temporibus inventore aut.', 114, 2, 22, '2019-11-08 12:38:54', '2019-11-08 12:38:54'),
(95, 'maiores', 'Nostrum perspiciatis doloremque magnam sit aspernatur quo doloribus. Et vitae et et doloribus in vero maiores. Atque provident excepturi debitis esse.', 305, 8, 6, '2019-11-08 12:38:54', '2019-11-08 12:38:54'),
(96, 'dicta', 'Qui id non sit. Quos atque eius sed aut aut ab aut.', 793, 3, 30, '2019-11-08 12:38:54', '2019-11-08 12:38:54'),
(97, 'velit', 'Eos eaque sed nihil doloremque. Fugiat consequatur ut ut aut non. Reprehenderit ipsum amet expedita quia.', 594, 1, 21, '2019-11-08 12:38:54', '2019-11-08 12:38:54'),
(98, 'temporibus', 'Distinctio deserunt iste sed natus. Deserunt quo est odit dolore neque quasi. Quia voluptatem sapiente rerum asperiores commodi.', 459, 3, 22, '2019-11-08 12:38:54', '2019-11-08 12:38:54'),
(99, 'commodi', 'Omnis voluptatem eveniet animi aut. Quo quisquam quas animi voluptas exercitationem perspiciatis porro. Enim cupiditate rem nulla commodi. Placeat necessitatibus vel aut illum.', 298, 8, 25, '2019-11-08 12:38:54', '2019-11-08 12:38:54'),
(100, 'atque', 'Voluptas est non omnis facere. Voluptates architecto harum et facere non et. Sunt aperiam perferendis et natus qui id.', 925, 1, 11, '2019-11-08 12:38:54', '2019-11-08 12:38:54'),
(101, 'deleniti', 'Sit fuga ab eaque asperiores dolor id maiores. Esse cupiditate nulla animi et excepturi voluptatem maiores et. Porro vel ut magnam repellendus quas vero.', 477, 8, 2, '2019-11-08 12:46:18', '2019-11-08 12:46:18'),
(102, 'vitae', 'Error exercitationem aliquam doloribus mollitia magnam. Recusandae enim et assumenda facere alias tenetur illum.', 937, 1, 8, '2019-11-08 12:46:18', '2019-11-08 12:46:18'),
(103, 'modi', 'Laborum voluptas quis quas qui quo aliquid. Laborum ut deleniti commodi quia nostrum. Ipsam enim praesentium voluptatem aspernatur consequatur praesentium omnis. Sequi molestiae quo nesciunt molestias.', 238, 1, 26, '2019-11-08 12:46:18', '2019-11-08 12:46:18'),
(104, 'vitae', 'Et rerum nisi rerum quis. Id nostrum ut atque esse repellat aut. Sapiente repudiandae distinctio inventore vero quis.', 981, 1, 16, '2019-11-08 12:46:18', '2019-11-08 12:46:18'),
(105, 'fugit', 'Culpa nisi accusamus vitae est explicabo. Similique hic quam est provident itaque quasi. Voluptatum voluptatem ab sit voluptas corporis iure aliquam incidunt.', 144, 5, 14, '2019-11-08 12:46:18', '2019-11-08 12:46:18'),
(106, 'at', 'Hic modi sequi inventore dolorem optio explicabo animi. Et consequatur non recusandae qui quibusdam molestias rerum est. Numquam libero ut recusandae minima nesciunt excepturi.', 374, 1, 11, '2019-11-08 12:46:18', '2019-11-08 12:46:18'),
(107, 'architecto', 'Dolor sit quis ea velit magni totam. Delectus repellendus aliquid optio saepe minima laborum. Quo blanditiis autem voluptas eveniet aperiam repellendus et.', 432, 0, 29, '2019-11-08 12:46:18', '2019-11-08 12:46:18'),
(108, 'aliquid', 'Nostrum inventore non facere nobis eos quae voluptatum. Aut aliquid rerum saepe nulla consequatur doloremque consectetur nisi. Est sapiente labore qui asperiores nihil nam. Adipisci officia quam sequi officia.', 491, 4, 19, '2019-11-08 12:46:18', '2019-11-08 12:46:18'),
(109, 'rem', 'Dolorem consequatur corporis ducimus animi expedita cumque et. Excepturi minus architecto maxime incidunt praesentium nostrum saepe. Porro et quo neque ducimus modi corrupti. Molestiae error eos impedit asperiores maxime qui.', 505, 8, 12, '2019-11-08 12:46:18', '2019-11-08 12:46:18'),
(110, 'aliquid', 'Tempore iusto illum vitae debitis incidunt. In consequatur iure tempora nulla aut. Velit laboriosam quo cum aut voluptatibus nesciunt. Et et hic blanditiis.', 773, 6, 25, '2019-11-08 12:46:18', '2019-11-08 12:46:18'),
(111, 'veritatis', 'Sunt nisi veniam nisi ipsum dolor. Tenetur mollitia autem voluptatum quae. Ut omnis adipisci ut maxime quo aut. Provident laborum placeat porro rem autem consectetur quaerat voluptatum. Provident alias nam quia labore.', 600, 8, 10, '2019-11-08 12:46:19', '2019-11-08 12:46:19'),
(112, 'iusto', 'Voluptate ullam molestiae esse a et soluta. Eum optio sequi quasi ut accusantium et. Veritatis quasi optio sed nobis eaque quis. Reprehenderit sit nihil aliquam omnis ut.', 686, 3, 16, '2019-11-08 12:46:19', '2019-11-08 12:46:19'),
(113, 'aliquam', 'Perspiciatis autem cupiditate numquam quasi nisi. Non est vero quia placeat tempora molestiae ut quibusdam. Saepe quos aut veniam id veniam omnis earum deleniti.', 238, 2, 4, '2019-11-08 12:46:19', '2019-11-08 12:46:19'),
(114, 'provident', 'Exercitationem dolorem iste impedit est doloribus corrupti maxime. Dolorem repellendus et iste fugiat velit. Sint expedita dolorum occaecati sequi officia fugiat facere. Quo optio optio earum aliquam officiis magnam corporis. Velit inventore tenetur harum id ut maiores voluptatibus.', 686, 4, 10, '2019-11-08 12:46:19', '2019-11-08 12:46:19'),
(115, 'aut', 'Id nobis sunt placeat consequatur repellat quia vero. Eos qui sapiente cupiditate ducimus. Nesciunt laborum quos sint. Dolor deserunt a asperiores fugiat sunt doloribus aut.', 479, 9, 16, '2019-11-08 12:46:19', '2019-11-08 12:46:19'),
(116, 'ratione', 'Ipsa blanditiis similique aliquam necessitatibus omnis est et. Omnis eligendi culpa voluptatem similique aliquid perferendis libero. Non quaerat ab eum consequuntur.', 359, 8, 12, '2019-11-08 12:46:19', '2019-11-08 12:46:19'),
(117, 'et', 'Eveniet impedit et molestiae. Nulla tempora doloribus omnis voluptatem sunt. Illum quis sunt dignissimos labore mollitia. Vitae expedita officiis qui qui libero excepturi eius. Autem vitae et rem quaerat rerum officiis.', 542, 9, 2, '2019-11-08 12:46:19', '2019-11-08 12:46:19'),
(118, 'iusto', 'Et sed optio assumenda sed omnis reiciendis occaecati voluptatem. Nobis perferendis quibusdam ut tenetur veniam enim et. Quo inventore eos a non rerum sit quidem tempore.', 764, 1, 4, '2019-11-08 12:46:19', '2019-11-08 12:46:19'),
(119, 'suscipit', 'Veritatis natus eveniet hic qui sed ab placeat. Quas numquam in perferendis et voluptatem iusto aut veritatis. Minus nihil fuga architecto eius id.', 281, 3, 20, '2019-11-08 12:46:19', '2019-11-08 12:46:19'),
(120, 'autem', 'Nisi vel blanditiis vel omnis minima. Doloribus earum qui a sit dolorum rerum. Dolores quis non dolorem. Deserunt et ullam aliquid consequatur soluta et. Optio et provident odit voluptatibus harum sed perspiciatis.', 806, 9, 27, '2019-11-08 12:46:19', '2019-11-08 12:46:19'),
(121, 'nobis', 'Culpa sint quaerat temporibus eum repellendus. Porro est autem in. Eaque ea sit culpa laborum. Dolores inventore necessitatibus quidem alias.', 535, 1, 6, '2019-11-08 12:46:19', '2019-11-08 12:46:19'),
(122, 'facere', 'Maiores blanditiis sit quia minima iure cum qui. Praesentium consequatur esse ut optio. Asperiores et molestiae officia aut. Corrupti fugiat sunt rerum aliquid voluptatem ut est.', 191, 4, 24, '2019-11-08 12:46:19', '2019-11-08 12:46:19'),
(123, 'id', 'Consectetur deleniti eum voluptate vero eligendi nostrum. Aut quas in quaerat dolor vitae. Sapiente dolor eligendi ut et vel. Aut laborum officiis quis exercitationem dolores ex.', 638, 4, 4, '2019-11-08 12:46:19', '2019-11-08 12:46:19'),
(124, 'repellat', 'Dolorum ea et aut quod. Labore vero cumque quasi hic et. Aut assumenda ut pariatur nobis in voluptatum.', 422, 8, 19, '2019-11-08 12:46:19', '2019-11-08 12:46:19'),
(125, 'non', 'Rerum qui molestiae quo laborum sint similique voluptatem. Molestiae quod culpa rem eum. Enim saepe dolorem aut. Aut eos delectus quidem debitis nesciunt.', 632, 9, 4, '2019-11-08 12:46:20', '2019-11-08 12:46:20'),
(126, 'ad', 'Adipisci occaecati placeat quas sit cum et voluptas. Error ipsa nostrum a omnis. Repudiandae consequuntur officia maiores labore laboriosam placeat nostrum. Iure et amet harum ut placeat rerum.', 138, 6, 10, '2019-11-08 12:46:20', '2019-11-08 12:46:20'),
(127, 'nobis', 'Qui qui illo aspernatur eos modi. Neque sapiente non esse laboriosam aliquid explicabo. Molestiae aut ea numquam aperiam a eum itaque sint.', 882, 3, 5, '2019-11-08 12:46:20', '2019-11-08 12:46:20'),
(128, 'voluptatem', 'Eaque ab officia expedita eius eligendi et numquam dolore. Voluptate molestiae quo totam numquam ipsam tempore. Officiis suscipit minima dolorem occaecati excepturi neque blanditiis rem.', 702, 4, 7, '2019-11-08 12:46:20', '2019-11-08 12:46:20'),
(129, 'soluta', 'Ipsa dolor facilis est accusantium impedit. Et dolore dolorum saepe numquam nulla nulla libero. Quis omnis in dolorem neque et qui eveniet.', 451, 8, 12, '2019-11-08 12:46:20', '2019-11-08 12:46:20'),
(130, 'esse', 'Vel accusamus nobis labore. Aliquam officia voluptatem quo molestiae modi. Culpa voluptas sequi magni et perspiciatis aut magnam.', 166, 6, 10, '2019-11-08 12:46:20', '2019-11-08 12:46:20'),
(131, 'est', 'Quod hic sequi consequuntur amet voluptatum dolor. Et id sit laudantium tempore placeat qui dignissimos voluptatibus. Molestiae quo quis dolores. Magnam sunt omnis aut dignissimos aliquid ea ab.', 529, 5, 10, '2019-11-08 12:46:21', '2019-11-08 12:46:21'),
(132, 'placeat', 'Et nesciunt repellendus tenetur et. Dolor nihil labore in iste perspiciatis ullam. Neque et optio eum vel quod commodi cum. Consequatur et quis voluptatem.', 535, 6, 2, '2019-11-08 12:46:21', '2019-11-08 12:46:21'),
(133, 'quam', 'Placeat sed qui consectetur dolore aperiam natus aut. Aut pariatur molestiae tempora quas voluptatibus voluptas eum veniam. Sed esse nisi suscipit. Culpa et optio beatae sit totam sit corrupti.', 187, 3, 17, '2019-11-08 12:46:21', '2019-11-08 12:46:21'),
(134, 'molestias', 'Officia quaerat voluptas labore cumque culpa laudantium. Ut eum sunt ipsum sit. Eaque excepturi dolores nisi quaerat et quis corrupti.', 998, 8, 13, '2019-11-08 12:46:21', '2019-11-08 12:46:21'),
(135, 'est', 'Quo voluptas vel maxime id accusantium nobis necessitatibus voluptatum. Tempore quod vel voluptatem dolorem ab accusantium. Non maxime autem id est sed occaecati.', 736, 2, 30, '2019-11-08 12:46:21', '2019-11-08 12:46:21'),
(136, 'necessitatibus', 'Qui ut aut totam et dolorem eum. Rerum et consequatur nobis ratione odit qui. Cumque at ratione commodi et quia et.', 299, 5, 17, '2019-11-08 12:46:21', '2019-11-08 12:46:21'),
(137, 'dignissimos', 'Molestias similique et dolores quo repellendus cupiditate tempore. Molestiae consequuntur iusto facilis voluptatibus voluptatibus voluptas et. Quaerat explicabo nisi porro quae sequi dolor. Et nam blanditiis fugiat rem eius.', 453, 2, 14, '2019-11-08 12:46:21', '2019-11-08 12:46:21'),
(138, 'vel', 'Quia quas repellat enim quia magni maxime. Aut nesciunt autem voluptatem voluptatibus laborum est quia. Et totam saepe inventore. Cum at exercitationem aut.', 238, 4, 5, '2019-11-08 12:46:21', '2019-11-08 12:46:21'),
(139, 'illo', 'Officiis occaecati minus dolorum ut eveniet et consequatur sapiente. Blanditiis aliquid necessitatibus distinctio quis.', 299, 0, 5, '2019-11-08 12:46:21', '2019-11-08 12:46:21'),
(140, 'et', 'Qui et quia delectus labore sequi et. Quos mollitia ipsum magnam perspiciatis ut. Minima sed nihil harum recusandae. Vero quidem nostrum saepe.', 772, 1, 10, '2019-11-08 12:46:21', '2019-11-08 12:46:21'),
(141, 'quod', 'Natus est eaque enim magnam et dolores. Consequuntur exercitationem eius nihil quos dolore. Eos aut eum saepe sit. Voluptatem numquam porro eos dolor.', 448, 8, 3, '2019-11-08 12:46:21', '2019-11-08 12:46:21'),
(142, 'consequatur', 'Aut aut quod doloremque ducimus sit vero. Molestiae reiciendis dicta assumenda cupiditate delectus. Voluptatum velit et doloremque cupiditate qui.', 108, 6, 26, '2019-11-08 12:46:21', '2019-11-08 12:46:21'),
(143, 'dicta', 'Mollitia voluptatem est libero qui impedit sunt. Est animi neque necessitatibus est est eos. Sunt id iusto quas beatae rem.', 424, 1, 17, '2019-11-08 12:46:22', '2019-11-08 12:46:22'),
(144, 'voluptatibus', 'Ipsum suscipit voluptas vitae dolorum est expedita modi. Exercitationem nemo culpa et libero molestiae. Officiis explicabo debitis optio necessitatibus.', 612, 9, 2, '2019-11-08 12:46:22', '2019-11-08 12:46:22'),
(145, 'sunt', 'Illum consequuntur vero animi adipisci facilis quos. In consequatur laborum nisi rem similique nostrum. Officia qui omnis sit maiores voluptas eius earum quibusdam. Quam occaecati alias hic necessitatibus et repellendus.', 805, 9, 6, '2019-11-08 12:46:22', '2019-11-08 12:46:22'),
(146, 'sed', 'Hic ut quia ab commodi praesentium. Sapiente ratione fugiat ea dolor velit quos aut aut. A laudantium ut recusandae. Alias temporibus molestias itaque.', 186, 7, 25, '2019-11-08 12:46:22', '2019-11-08 12:46:22'),
(147, 'est', 'Alias et saepe sunt modi aut voluptatum. Ut occaecati aliquid illo iste. Est officia earum aperiam sapiente nulla sunt iure. Harum voluptatem et dolore rerum eos voluptatum voluptatem.', 370, 8, 8, '2019-11-08 12:46:22', '2019-11-08 12:46:22'),
(148, 'ex', 'Et dolorem repellat quibusdam asperiores. Doloribus est nihil ullam fuga. Ea voluptatem cupiditate ex quia consequuntur voluptatum. Temporibus voluptatum maxime temporibus expedita.', 224, 0, 25, '2019-11-08 12:46:22', '2019-11-08 12:46:22'),
(149, 'fugit', 'Rerum necessitatibus et dolorem et. Iure aliquam optio debitis quasi quaerat reprehenderit in. Alias delectus ut provident quis exercitationem.', 217, 4, 27, '2019-11-08 12:46:22', '2019-11-08 12:46:22'),
(150, 'natus', 'Est iure soluta ea autem aut. Ut a aliquid veniam sint aut. Quo nostrum repellendus doloribus. Quibusdam voluptate vitae aut ut sint animi placeat.', 345, 3, 17, '2019-11-08 12:46:22', '2019-11-08 12:46:22');

-- --------------------------------------------------------

--
-- Table structure for table `reviews`
--

CREATE TABLE `reviews` (
  `id` int(10) UNSIGNED NOT NULL,
  `product_id` int(10) UNSIGNED NOT NULL,
  `customer` varchar(255) COLLATE utf8mb4_unicode_ci NOT NULL,
  `review` text COLLATE utf8mb4_unicode_ci NOT NULL,
  `star` int(11) NOT NULL,
  `created_at` timestamp NULL DEFAULT NULL,
  `updated_at` timestamp NULL DEFAULT NULL
) ENGINE=InnoDB DEFAULT CHARSET=utf8mb4 COLLATE=utf8mb4_unicode_ci;

--
-- Dumping data for table `reviews`
--

INSERT INTO `reviews` (`id`, `product_id`, `customer`, `review`, `star`, `created_at`, `updated_at`) VALUES
(1, 5, 'Ms. Letitia Friesen I', 'Exercitationem ipsa aut et molestiae cupiditate voluptatibus impedit. Et tempore recusandae cupiditate sint. Qui totam officia et omnis. Ut veniam et aliquid voluptas sunt non optio voluptatem.', 3, '2019-11-08 12:46:24', '2019-11-08 12:46:24'),
(2, 137, 'Marlee Hammes IV', 'Error similique aut omnis rerum quam nulla. Et neque incidunt suscipit quaerat facilis quas. Nulla a excepturi voluptatem.', 3, '2019-11-08 12:46:24', '2019-11-08 12:46:24'),
(3, 73, 'Fabian Boyle', 'Atque ut nisi natus sed consequatur ea quia. Exercitationem eaque ut illum quos quia. Quas eaque temporibus in aut quibusdam.', 5, '2019-11-08 12:46:24', '2019-11-08 12:46:24'),
(4, 94, 'Brooke Ward', 'Ut sit deserunt in voluptatem adipisci modi. Quos et perferendis aspernatur optio sunt et perspiciatis. Dolore in ipsum nostrum pariatur. Nostrum provident deleniti aliquam.', 2, '2019-11-08 12:46:24', '2019-11-08 12:46:24'),
(5, 32, 'Russell Weimann', 'Ipsa non voluptatem ut id ab a. Nesciunt sit assumenda dolor quisquam beatae et.', 0, '2019-11-08 12:46:24', '2019-11-08 12:46:24'),
(6, 33, 'Miss Lisa Wilderman MD', 'Omnis et et et excepturi. Perspiciatis ipsa deleniti aut sunt. Sequi quibusdam incidunt beatae suscipit dolores asperiores et. Eaque et atque explicabo voluptatum quasi qui.', 0, '2019-11-08 12:46:24', '2019-11-08 12:46:24'),
(7, 13, 'Fausto Kohler DDS', 'Aspernatur sint et repellendus sit. Et molestiae vel culpa pariatur architecto ut aut. Quaerat est quia quis tempore corporis laudantium aperiam. Deleniti atque distinctio rerum aperiam iure sed eaque. Ut qui excepturi sit velit alias aut nihil.', 4, '2019-11-08 12:46:24', '2019-11-08 12:46:24'),
(8, 150, 'Dr. Darion Hoppe', 'Repudiandae blanditiis quas corrupti aspernatur. Laborum id voluptatem eos repellat aspernatur. Debitis inventore impedit assumenda eos. Quia optio quia optio qui.', 3, '2019-11-08 12:46:24', '2019-11-08 12:46:24'),
(9, 133, 'Myah Fritsch', 'Omnis eligendi eos nam quia soluta id omnis. Placeat odit et praesentium. Omnis aut repudiandae non doloremque corrupti.', 5, '2019-11-08 12:46:24', '2019-11-08 12:46:24'),
(10, 113, 'Aylin Abbott', 'Iusto eligendi porro blanditiis nulla beatae. Et quaerat nisi porro cumque. Aliquam non nesciunt saepe qui maxime nemo.', 5, '2019-11-08 12:46:24', '2019-11-08 12:46:24'),
(11, 127, 'Prof. Maynard Smitham II', 'Non debitis illo tempora perspiciatis consequatur quo molestias. Saepe et qui sint consequatur omnis aliquam. Ipsum est voluptatem aut esse.', 4, '2019-11-08 12:46:24', '2019-11-08 12:46:24'),
(12, 56, 'Clark Pagac III', 'Officia placeat temporibus nam et debitis natus. Nihil qui aut perspiciatis dolor libero doloremque consequatur. Aliquam doloribus architecto natus labore. Natus sint reprehenderit velit laborum aliquam ut facere.', 4, '2019-11-08 12:46:24', '2019-11-08 12:46:24'),
(13, 135, 'Elyssa Douglas', 'Impedit quidem quos quia placeat molestiae. Repudiandae est totam nemo rerum cumque quasi libero. Doloremque aut illum non excepturi quidem. Quia voluptas quia dicta nihil voluptas.', 1, '2019-11-08 12:46:24', '2019-11-08 12:46:24'),
(14, 22, 'Dane Gibson', 'Quod est aut placeat culpa iure natus sed alias. Non et eius sit. Laborum hic aut fuga ipsa perspiciatis voluptas consequatur. Facilis quibusdam inventore rerum.', 5, '2019-11-08 12:46:24', '2019-11-08 12:46:24'),
(15, 23, 'Kirstin White', 'Repellendus rerum nemo non non aut temporibus. Explicabo at voluptatem corrupti ipsam voluptatem reprehenderit non. Quos nihil iste enim exercitationem.', 1, '2019-11-08 12:46:24', '2019-11-08 12:46:24'),
(16, 101, 'Prof. Shanon Braun', 'Dignissimos occaecati corporis commodi consequatur eveniet eum. Natus enim deleniti rem tempore dolore expedita perspiciatis. Culpa suscipit ex at accusantium aperiam. Commodi iste ad ea sed tempore accusamus.', 0, '2019-11-08 12:46:25', '2019-11-08 12:46:25'),
(17, 101, 'Alda Reichert', 'Tenetur aut incidunt aut omnis impedit tempora. Molestiae magnam numquam iusto provident mollitia. Deserunt officia qui cupiditate et ut dolorem est. At est molestiae consequatur fugit laboriosam quas quia porro.', 4, '2019-11-08 12:46:25', '2019-11-08 12:46:25'),
(18, 3, 'Koby Dach Jr.', 'Quod aperiam voluptatum velit eveniet. Et nesciunt velit porro nisi porro eligendi fugiat. Exercitationem aut nemo repellendus eos commodi.', 1, '2019-11-08 12:46:25', '2019-11-08 12:46:25'),
(19, 90, 'Janiya Hegmann Jr.', 'Provident officiis quia sunt et ipsum aut. Molestiae deserunt ut quae delectus perspiciatis. Iure eligendi dolor ipsa aspernatur saepe optio.', 1, '2019-11-08 12:46:25', '2019-11-08 12:46:25'),
(20, 87, 'Janice Stiedemann PhD', 'Repellendus corrupti ipsa harum eveniet. Aliquid alias delectus rem quia minima vel consequatur. Accusamus sapiente modi at praesentium dolores. Sit omnis sit vel sit facere earum.', 4, '2019-11-08 12:46:25', '2019-11-08 12:46:25'),
(21, 18, 'Cynthia Wintheiser', 'Consequatur maxime dignissimos facere soluta autem. Perferendis voluptate sit et voluptatem tempore. Voluptas eligendi provident enim sed.', 2, '2019-11-08 12:46:25', '2019-11-08 12:46:25'),
(22, 145, 'Jon Rippin', 'Doloremque enim velit et incidunt reiciendis. Alias voluptatem ipsa ipsam nisi consequatur. Quidem temporibus quaerat molestiae pariatur aliquid ipsa corporis. Mollitia voluptatibus asperiores veritatis et eum accusantium rerum.', 0, '2019-11-08 12:46:25', '2019-11-08 12:46:25'),
(23, 90, 'Laila Bernier', 'Optio labore eum cumque molestiae. Velit aut nihil non accusamus. Et non et et nihil. Voluptatem voluptatibus qui rerum itaque incidunt.', 5, '2019-11-08 12:46:25', '2019-11-08 12:46:25'),
(24, 43, 'Noble Medhurst DDS', 'Soluta voluptatum ut quis consectetur quia cupiditate voluptas. Reiciendis et consequuntur earum. Ex quos ex voluptatibus quam in.', 1, '2019-11-08 12:46:25', '2019-11-08 12:46:25'),
(25, 92, 'Damaris Heidenreich', 'Nihil maxime deleniti dicta saepe dolores iure aut recusandae. Omnis expedita omnis pariatur facilis debitis aut. Quis nihil neque in sed aliquid. Doloremque ab nobis voluptatum qui sequi quas reprehenderit.', 3, '2019-11-08 12:46:25', '2019-11-08 12:46:25'),
(26, 107, 'Angelina Hilpert DVM', 'Similique impedit quaerat quaerat minus optio quia voluptas. Nostrum numquam voluptatum sunt aut. Quia vitae ut corrupti tenetur eveniet sequi magnam. Laborum ut mollitia sapiente dolorem quia.', 3, '2019-11-08 12:46:25', '2019-11-08 12:46:25'),
(27, 70, 'Coty Brekke', 'Aliquid reiciendis dicta qui. Voluptatem iste blanditiis reiciendis nesciunt facilis impedit. Illo consequuntur iste maxime voluptatem.', 2, '2019-11-08 12:46:25', '2019-11-08 12:46:25'),
(28, 114, 'Rebecca Reichert', 'Non assumenda mollitia provident voluptate sit nobis aut occaecati. Suscipit voluptatem laudantium fuga sint aut.', 4, '2019-11-08 12:46:25', '2019-11-08 12:46:25'),
(29, 134, 'Gerardo Prohaska', 'Aut architecto reprehenderit dolores minima quod adipisci eum. Enim dolorum sunt nihil possimus nihil. Vitae harum eligendi commodi soluta et repudiandae est et. Omnis perferendis velit assumenda debitis soluta voluptatum.', 0, '2019-11-08 12:46:25', '2019-11-08 12:46:25'),
(30, 131, 'Lenna Doyle', 'Exercitationem eveniet aut est vel est ipsum. Quam quo odit est. Neque in voluptatem praesentium. Aut ad necessitatibus quas numquam blanditiis occaecati perspiciatis.', 3, '2019-11-08 12:46:25', '2019-11-08 12:46:25'),
(31, 106, 'Prof. Xzavier Herman I', 'Quod officiis alias occaecati vero rem aperiam officia. Facere sit ducimus quo quisquam est. Voluptatem id velit doloremque consectetur. Exercitationem adipisci id consectetur ut aliquid porro nisi.', 0, '2019-11-08 12:46:25', '2019-11-08 12:46:25'),
(32, 68, 'Lela Jones', 'Inventore voluptatem omnis et sed. Ab dolores odit et laborum expedita omnis qui. Amet qui culpa eum nam voluptatem eos. Qui consequatur placeat minus eum perferendis labore tenetur amet.', 1, '2019-11-08 12:46:25', '2019-11-08 12:46:25'),
(33, 54, 'Priscilla Vandervort', 'Doloremque unde pariatur ipsa a impedit neque. Quod incidunt veniam sapiente delectus.', 1, '2019-11-08 12:46:25', '2019-11-08 12:46:25'),
(34, 148, 'Ms. Yasmine Fritsch DDS', 'Nobis quibusdam sit nisi quibusdam omnis vel repudiandae. Aut iste dolorem libero dolor sed molestiae. Est doloremque sequi atque cum. Qui deleniti corporis et accusamus perferendis.', 4, '2019-11-08 12:46:25', '2019-11-08 12:46:25'),
(35, 127, 'Prof. Jaquelin Lehner DVM', 'Ut labore illo ut ab sunt. Incidunt et quia dolores aliquid. Eum molestiae consequatur incidunt veniam commodi. Repellendus repellendus nesciunt error porro consequatur sint reprehenderit.', 1, '2019-11-08 12:46:25', '2019-11-08 12:46:25'),
(36, 24, 'Miss Corene Tillman', 'Ab non nisi impedit earum vitae atque suscipit. Dignissimos eos reiciendis provident corporis doloribus. Quisquam praesentium necessitatibus ea. Perspiciatis eius suscipit non repudiandae.', 0, '2019-11-08 12:46:25', '2019-11-08 12:46:25'),
(37, 112, 'Hugh Schowalter', 'Cum dolorem ullam quia pariatur quod. Dignissimos earum impedit rerum expedita aut maiores.', 4, '2019-11-08 12:46:25', '2019-11-08 12:46:25'),
(38, 87, 'Clementina Prohaska', 'Recusandae eaque aut facere eligendi. Sapiente voluptatem aspernatur quia asperiores. Debitis culpa praesentium ad delectus sapiente. Mollitia cum ut aut itaque cupiditate iusto magnam.', 0, '2019-11-08 12:46:25', '2019-11-08 12:46:25'),
(39, 98, 'Ray Stoltenberg', 'Reprehenderit consequatur numquam distinctio ad quo vel consequatur. Voluptatibus omnis recusandae possimus atque voluptate perferendis commodi. Rem cumque officiis magnam nobis.', 5, '2019-11-08 12:46:25', '2019-11-08 12:46:25'),
(40, 39, 'Ms. Reta Crona II', 'Qui ea distinctio cupiditate. Exercitationem asperiores totam sed est et quisquam.', 3, '2019-11-08 12:46:26', '2019-11-08 12:46:26'),
(41, 118, 'Kody Kuhn', 'Impedit ea nam aut reprehenderit cumque. Corrupti ex corporis fuga ratione quis quia tempora. Hic sunt molestiae sit nihil optio atque eos.', 4, '2019-11-08 12:46:26', '2019-11-08 12:46:26'),
(42, 150, 'Marcos Stokes', 'Earum alias in occaecati magni hic. Expedita voluptatem laboriosam vel fuga quis aut. Ab sint quibusdam sunt possimus et.', 2, '2019-11-08 12:46:26', '2019-11-08 12:46:26'),
(43, 94, 'Juliet Cassin', 'Quis architecto corporis sed. Omnis vitae vero maxime sed voluptate aspernatur voluptas reprehenderit. Temporibus eum impedit voluptatem porro aut vero nihil mollitia.', 0, '2019-11-08 12:46:26', '2019-11-08 12:46:26'),
(44, 64, 'Dell Bradtke', 'Rerum est magnam accusamus ad perferendis quo. Adipisci non eos sed dolore aut eum. Saepe ut amet et voluptate tenetur minima voluptates. Voluptas fuga commodi deserunt vero reprehenderit.', 5, '2019-11-08 12:46:26', '2019-11-08 12:46:26'),
(45, 66, 'Prof. Joesph VonRueden', 'Quasi ut in a. Optio porro placeat blanditiis rerum. Exercitationem ut sed aut dolore ex incidunt. Delectus dignissimos similique voluptatem impedit accusamus ut excepturi.', 0, '2019-11-08 12:46:26', '2019-11-08 12:46:26'),
(46, 106, 'Dr. Rudolph Ward', 'Est veritatis alias assumenda voluptatibus non voluptatem. Quia qui debitis praesentium explicabo. Dicta placeat provident quisquam eius fugiat ipsam. Et distinctio voluptas velit quo explicabo necessitatibus.', 0, '2019-11-08 12:46:26', '2019-11-08 12:46:26'),
(47, 129, 'Chelsey Konopelski', 'Eveniet quos eos voluptas totam quasi. Culpa voluptas quia id excepturi. Incidunt facere blanditiis ad magnam. Aspernatur rerum eaque quis sunt aut consectetur facere sapiente.', 3, '2019-11-08 12:46:26', '2019-11-08 12:46:26'),
(48, 34, 'Marion Hickle', 'Quis voluptatem commodi est repudiandae. Sit eius quidem ut assumenda quis et officiis. Molestiae nihil animi illo debitis illo optio.', 3, '2019-11-08 12:46:26', '2019-11-08 12:46:26'),
(49, 81, 'Connor Orn MD', 'Vel commodi ut quo facilis soluta corrupti adipisci id. Voluptate voluptatum itaque consectetur. Quia in non alias eligendi impedit sit. Et autem quam aut facilis nobis. Delectus est accusantium qui facere veniam autem quo nobis.', 2, '2019-11-08 12:46:26', '2019-11-08 12:46:26'),
(50, 119, 'Joany Bauch', 'Omnis ipsam vel labore accusamus omnis numquam odit. Porro voluptates rerum beatae repellat consectetur magni cumque eius. Sit facere laboriosam et saepe iste odio.', 5, '2019-11-08 12:46:26', '2019-11-08 12:46:26'),
(51, 115, 'Mr. Carlos Bruen PhD', 'Quidem rerum voluptatem in rerum. Omnis sed sed esse nobis et est. Eum laboriosam perferendis animi et quod. Vero perspiciatis corrupti et qui.', 5, '2019-11-08 12:46:26', '2019-11-08 12:46:26'),
(52, 115, 'Lyda Schumm', 'Amet nihil ea quos eligendi est et. Animi qui maxime nam voluptatum ab.', 5, '2019-11-08 12:46:26', '2019-11-08 12:46:26'),
(53, 59, 'Ms. Beryl Kohler', 'Et sed eaque sit at. Et ut eligendi et minima quo. Itaque praesentium voluptatem ullam maiores et.', 3, '2019-11-08 12:46:26', '2019-11-08 12:46:26'),
(54, 87, 'Arnaldo Cummerata', 'Ut eaque non minima cumque neque atque. Dignissimos sit nostrum et ullam. Et rerum ea pariatur fugit. Reprehenderit sunt commodi asperiores est rem similique perferendis placeat.', 1, '2019-11-08 12:46:26', '2019-11-08 12:46:26'),
(55, 127, 'Mrs. Eloisa Cormier Sr.', 'Magnam possimus consequatur ex magnam voluptas soluta ipsum. Deleniti aut eum consequuntur aut. Nobis totam quaerat eveniet sapiente.', 3, '2019-11-08 12:46:26', '2019-11-08 12:46:26'),
(56, 91, 'Sebastian Hayes', 'Consequatur molestiae quia nostrum eum eius molestiae. Non labore repudiandae optio neque. Molestiae tempore magnam commodi. Aut ipsa et iste labore aut.', 0, '2019-11-08 12:46:26', '2019-11-08 12:46:26'),
(57, 60, 'Dr. Ruth Koelpin', 'Ut praesentium ex dignissimos dignissimos deleniti. Doloribus fugit voluptate occaecati dolores repellat est. Ut numquam et harum quo maxime facilis.', 0, '2019-11-08 12:46:26', '2019-11-08 12:46:26'),
(58, 138, 'Mr. Dino Hegmann', 'Ducimus voluptates eos et impedit. Numquam architecto odio eos.', 5, '2019-11-08 12:46:26', '2019-11-08 12:46:26'),
(59, 38, 'Faye Bins', 'Molestias nisi qui ut amet dicta reprehenderit. Ratione occaecati ab doloremque ab velit sequi quas. Vitae est nihil amet ut.', 5, '2019-11-08 12:46:26', '2019-11-08 12:46:26'),
(60, 69, 'Citlalli Cummerata', 'Iure ex possimus non est sunt eum hic. Modi quas vitae est autem assumenda quis. Omnis dolor eligendi possimus minus quibusdam sed.', 4, '2019-11-08 12:46:26', '2019-11-08 12:46:26'),
(61, 81, 'Cordia Crona', 'Ut quo sequi qui dolor voluptatem sit velit odit. Nobis praesentium ut fugit delectus autem. Illo excepturi qui id est inventore. Occaecati odio autem aut sed. Eos deserunt iste est hic officiis.', 1, '2019-11-08 12:46:26', '2019-11-08 12:46:26'),
(62, 107, 'Patsy Morissette', 'Temporibus rerum est enim vero porro nam. Commodi voluptas qui est aliquid cum. Et fugit tempora eaque assumenda ea. Iusto culpa ex nisi delectus consequuntur eos quis. Quibusdam eligendi asperiores autem consectetur.', 5, '2019-11-08 12:46:26', '2019-11-08 12:46:26'),
(63, 26, 'Beulah Lehner', 'Voluptatem maxime eum molestiae quis placeat. Excepturi dolor esse perspiciatis neque odit vitae doloremque. Voluptatem nemo voluptatibus voluptatem quo animi quis. Excepturi voluptates sit ut qui et dignissimos.', 4, '2019-11-08 12:46:26', '2019-11-08 12:46:26'),
(64, 97, 'Elyse Wiza', 'Voluptates quis dolores cupiditate error autem possimus voluptatem nihil. Voluptate aut eveniet ullam molestias quisquam. Ut nisi assumenda praesentium tempora laudantium quisquam. Aut impedit qui labore voluptatem sit consequatur qui.', 3, '2019-11-08 12:46:27', '2019-11-08 12:46:27'),
(65, 140, 'Ms. Daniella Kling', 'Quidem vel iusto voluptatem. Et nulla soluta reiciendis delectus. Perspiciatis quod dicta dicta necessitatibus.', 5, '2019-11-08 12:46:27', '2019-11-08 12:46:27'),
(66, 133, 'Sabrina Hodkiewicz', 'In suscipit eum nisi deleniti provident. Et cupiditate magnam et saepe maiores optio. Atque et exercitationem voluptas.', 3, '2019-11-08 12:46:27', '2019-11-08 12:46:27'),
(67, 64, 'Estell Jenkins', 'Nulla asperiores cum occaecati. Facere provident aut dolores a magnam asperiores ratione. Sit dolorem rem doloremque veritatis neque maiores et. Tempora aut nihil aperiam sequi impedit sint possimus.', 2, '2019-11-08 12:46:27', '2019-11-08 12:46:27'),
(68, 94, 'Emory Daniel', 'Ut molestiae quos quo ab. Qui voluptate laudantium neque ut. Soluta quas totam qui sit saepe. Ea ducimus quia velit.', 0, '2019-11-08 12:46:27', '2019-11-08 12:46:27'),
(69, 131, 'Karli Gerlach', 'Quibusdam est id et. Eveniet explicabo in deserunt. Totam facilis sint voluptate deserunt culpa natus. Eos occaecati minima nam odit repudiandae eum.', 5, '2019-11-08 12:46:27', '2019-11-08 12:46:27'),
(70, 81, 'Mr. Guy Dooley', 'Minus aut delectus dolores autem maxime vel. Ut et distinctio voluptate totam aliquid quia et nesciunt. Debitis enim id ut eveniet officiis quia cumque.', 3, '2019-11-08 12:46:27', '2019-11-08 12:46:27'),
(71, 52, 'Ms. Sophia Feest Sr.', 'Sunt in velit voluptas recusandae officia dolore libero. Ratione libero et vel sit reprehenderit dolore voluptatum culpa. Perferendis sit soluta delectus laudantium libero laborum. Voluptatem odio atque sit accusantium architecto aperiam.', 2, '2019-11-08 12:46:27', '2019-11-08 12:46:27'),
(72, 126, 'Miss Cassandra DuBuque III', 'Amet in et maxime ut sapiente. Minus ut maiores et harum mollitia. Velit aut neque quibusdam ut perspiciatis voluptatem et. Expedita deserunt ut est ipsa magnam.', 4, '2019-11-08 12:46:27', '2019-11-08 12:46:27'),
(73, 124, 'Hal Wuckert', 'Et provident libero rerum molestiae cum velit. Cumque quis ex sit quia accusamus reprehenderit. Adipisci voluptate ut qui sint.', 1, '2019-11-08 12:46:27', '2019-11-08 12:46:27'),
(74, 76, 'Jaqueline Mayer', 'Exercitationem qui doloribus alias minus. Et doloremque qui fuga atque ullam labore mollitia. Dicta eum fugiat ut doloribus in.', 0, '2019-11-08 12:46:27', '2019-11-08 12:46:27'),
(75, 19, 'Prof. Shany Mills', 'Tenetur architecto dolorem deserunt esse. Commodi magni numquam quia nostrum. Omnis nesciunt occaecati velit et.', 2, '2019-11-08 12:46:27', '2019-11-08 12:46:27'),
(76, 22, 'Dr. Rita King DVM', 'Ea sunt adipisci deserunt modi accusamus nisi est. Alias ut et et fuga qui rem quia et. Voluptatem delectus omnis in ut et quo. Ullam vel at dolores illo ratione.', 1, '2019-11-08 12:46:27', '2019-11-08 12:46:27'),
(77, 33, 'Piper Bosco PhD', 'Est maiores qui expedita nam ut. At atque voluptatum eligendi possimus aut rerum dignissimos. Ut aut ullam dolorem non.', 4, '2019-11-08 12:46:27', '2019-11-08 12:46:27'),
(78, 102, 'Dr. Rhoda Lockman PhD', 'Quaerat ut similique inventore itaque. Sunt a dolorem amet quo voluptas aut.', 0, '2019-11-08 12:46:27', '2019-11-08 12:46:27'),
(79, 2, 'Ian Walsh', 'Maiores perferendis ea in officiis harum quae. Vitae eos voluptates maxime sapiente dolorem magnam nostrum.', 1, '2019-11-08 12:46:27', '2019-11-08 12:46:27'),
(80, 1, 'Okey Kilback', 'Tempora qui eos adipisci sequi odit. Molestiae quis consequatur aut perferendis. Odio illo voluptates quia iusto placeat voluptas.', 2, '2019-11-08 12:46:27', '2019-11-08 12:46:27'),
(81, 137, 'Alene Larkin', 'At ut rerum ut. Sint voluptas corrupti repudiandae iste qui. Repellendus eos architecto et odio hic quod dolorem. Deserunt voluptas sunt officia quasi.', 5, '2019-11-08 12:46:27', '2019-11-08 12:46:27'),
(82, 58, 'Herta Tremblay', 'Cum cupiditate est voluptatem sit mollitia. Dicta est facere minus minima consectetur nesciunt architecto quo. Ad ut quod laboriosam dolores natus doloremque. Eum repudiandae asperiores blanditiis velit quos.', 4, '2019-11-08 12:46:27', '2019-11-08 12:46:27'),
(83, 124, 'Johnny Gleichner Sr.', 'Iure ut et earum id ad cum nam. Eligendi quos est dolores ducimus dolorem dolores. Sed ex sit ad id voluptates quibusdam. Necessitatibus unde quibusdam eos itaque tempore dicta.', 3, '2019-11-08 12:46:27', '2019-11-08 12:46:27'),
(84, 99, 'Prof. Gilberto Dach MD', 'Esse excepturi facere laboriosam ea. Et adipisci et doloribus pariatur expedita nihil ipsum. Sit voluptatem nemo blanditiis qui.', 5, '2019-11-08 12:46:27', '2019-11-08 12:46:27'),
(85, 61, 'Neoma Hyatt', 'Doloribus quam sequi veniam nemo. Est eos aperiam vitae vitae iste dolor. Sed sit itaque pariatur debitis ipsa.', 4, '2019-11-08 12:46:27', '2019-11-08 12:46:27'),
(86, 75, 'Tristin Thompson', 'Consequatur quas eveniet eaque ullam totam distinctio excepturi. Ab pariatur voluptatem accusantium ea harum molestiae molestiae. Qui dolorum vero sed est et qui vel corrupti.', 5, '2019-11-08 12:46:27', '2019-11-08 12:46:27'),
(87, 89, 'Haley Tillman', 'Modi iusto sint totam voluptatibus tenetur. Iure ipsa earum magnam. Est voluptate aperiam aliquid. Ut explicabo distinctio ea magni eos dolorem.', 0, '2019-11-08 12:46:28', '2019-11-08 12:46:28'),
(88, 84, 'Elza Halvorson', 'Doloremque quae laudantium voluptatem modi voluptas dolorem animi esse. Ducimus et dolorem fugiat aliquam commodi id. Repudiandae veritatis nisi est tempore eligendi laudantium eos. Facilis qui culpa ducimus nemo quaerat.', 2, '2019-11-08 12:46:28', '2019-11-08 12:46:28'),
(89, 72, 'Wallace Towne Sr.', 'Ducimus molestiae veniam veritatis dicta incidunt saepe qui tempora. Voluptates ab est consequatur aliquam. Molestias sed fugit qui reiciendis sit quis a ut. Asperiores rem ab illum consectetur aliquid autem. Laborum perspiciatis maiores et vitae animi dolores.', 4, '2019-11-08 12:46:28', '2019-11-08 12:46:28'),
(90, 72, 'Rico Feil', 'Ut et eius eos voluptatem provident et id. Ea eos exercitationem et maiores magni. Porro animi et iure et quo asperiores. Illum tenetur dolorem doloribus quisquam est et.', 4, '2019-11-08 12:46:28', '2019-11-08 12:46:28'),
(91, 96, 'Kaley Rippin', 'Laboriosam impedit similique ad eligendi. Asperiores beatae minus rem et est fugit voluptatem. Facilis quisquam rerum dolores consequuntur nam distinctio.', 3, '2019-11-08 12:46:28', '2019-11-08 12:46:28'),
(92, 144, 'Caterina Kirlin I', 'Ipsa quis et quidem id voluptatem. Porro atque quidem et nisi occaecati. Ducimus ut deserunt doloribus magnam vitae. Sint enim dolorem sed aperiam.', 4, '2019-11-08 12:46:28', '2019-11-08 12:46:28'),
(93, 140, 'Ms. Mozell Wilkinson', 'Voluptas sit dicta id aut voluptates. Consectetur consectetur esse repellat unde. Eius saepe doloremque nostrum quia nemo qui. Rerum dolorem quis odit voluptas sint accusamus. Rerum culpa animi dolorem ut corporis tempora sed.', 0, '2019-11-08 12:46:28', '2019-11-08 12:46:28'),
(94, 5, 'Anabelle Jerde', 'Dolores quo rerum aut eos similique inventore temporibus adipisci. Est sit dolor omnis dolorem ipsum non. Ea voluptas aut ad sequi esse sed omnis perferendis. Et facilis illo beatae quasi quidem nobis.', 2, '2019-11-08 12:46:28', '2019-11-08 12:46:28'),
(95, 65, 'Marian Goodwin', 'Sit qui non ipsum quia accusamus. Aut totam enim sit qui omnis dolor suscipit esse. Dignissimos velit rerum asperiores perspiciatis sunt itaque quo. Consequatur esse ea quod et minima.', 2, '2019-11-08 12:46:28', '2019-11-08 12:46:28'),
(96, 147, 'Shyanne Brown V', 'Eos hic animi qui corrupti. Molestiae numquam accusantium esse quod voluptatum ad earum. Ipsa facere blanditiis sequi cupiditate mollitia dolore iusto. Cumque ipsa sit autem ut facere temporibus nulla.', 1, '2019-11-08 12:46:28', '2019-11-08 12:46:28'),
(97, 37, 'Rashawn Walker', 'Qui tempore minima perferendis eum delectus mollitia. Praesentium libero illum quam commodi autem sint. Velit sunt voluptates ipsum veritatis.', 5, '2019-11-08 12:46:28', '2019-11-08 12:46:28'),
(98, 129, 'Webster Kilback', 'Corrupti illo magnam odit asperiores voluptatibus et. Beatae aut distinctio et enim. Beatae cumque aut qui. Qui illum unde enim natus omnis commodi.', 0, '2019-11-08 12:46:28', '2019-11-08 12:46:28'),
(99, 28, 'Miss Shanny Wilkinson DVM', 'Sit et omnis sed et ab autem eos. At molestiae ut sapiente et. Quis enim eum qui. Quis minima soluta omnis ipsum perspiciatis. Odit corporis possimus rerum repellat.', 5, '2019-11-08 12:46:28', '2019-11-08 12:46:28'),
(100, 93, 'Ona Yundt', 'Error quia ut placeat aut id autem. Placeat aut esse autem iste veritatis animi sint omnis. Voluptatem sunt qui est autem hic consequatur. Et eaque quia est laborum et similique.', 2, '2019-11-08 12:46:28', '2019-11-08 12:46:28'),
(101, 3, 'Lolita Mosciski DDS', 'Quisquam non cupiditate accusamus debitis velit est. Sequi inventore culpa nemo maiores adipisci at sint. Quo at aliquid voluptas error dolore.', 2, '2019-11-08 12:46:28', '2019-11-08 12:46:28'),
(102, 46, 'Santina Johns PhD', 'Incidunt omnis ducimus quod accusamus eligendi ipsa. Consequatur ullam aut est voluptas soluta. Occaecati accusamus possimus quas enim eum.', 2, '2019-11-08 12:46:28', '2019-11-08 12:46:28'),
(103, 21, 'Jordy Baumbach', 'Ipsam est quia laboriosam modi deleniti tempora doloribus. Omnis ab non aliquid vel voluptatem. Illo non ratione quibusdam corrupti laborum.', 0, '2019-11-08 12:46:28', '2019-11-08 12:46:28'),
(104, 110, 'Prof. Avis Block', 'Consequatur quidem error ea mollitia. Nesciunt vel in necessitatibus delectus aliquam odit et rerum. Aut illo voluptatem ea rem. Sapiente sapiente suscipit ipsa est corrupti architecto. Vel quia occaecati repellat tempore alias.', 0, '2019-11-08 12:46:28', '2019-11-08 12:46:28'),
(105, 28, 'Okey Fisher', 'Voluptatibus aperiam eius dolor est. Voluptatibus quisquam blanditiis fuga est. Nemo aut ut voluptatibus praesentium nam non maiores.', 4, '2019-11-08 12:46:28', '2019-11-08 12:46:28'),
(106, 65, 'Colten Towne', 'Rerum tenetur unde soluta debitis. Tenetur voluptatum voluptas et fugiat voluptas. Dolorum rem ipsam consequatur quibusdam.', 4, '2019-11-08 12:46:28', '2019-11-08 12:46:28'),
(107, 3, 'Meghan Bogisich', 'Aspernatur ipsa ad adipisci. Qui eum sed et sed aspernatur. Modi similique consequuntur assumenda voluptatem. Voluptatem optio sit voluptatem distinctio necessitatibus. Maxime ut id deserunt quis omnis culpa temporibus.', 2, '2019-11-08 12:46:28', '2019-11-08 12:46:28'),
(108, 149, 'Jovan Erdman', 'Consequatur hic aut qui enim. Consectetur cumque dolorem eos odit occaecati autem. Illo doloremque saepe repellendus et. Deleniti odit velit voluptates ipsam recusandae minima quia.', 4, '2019-11-08 12:46:29', '2019-11-08 12:46:29'),
(109, 19, 'Jenifer Harber', 'Eos quas id tempore qui quos aut. Dicta ab non est rerum dolores. Qui quis quibusdam molestiae consequatur et occaecati.', 3, '2019-11-08 12:46:29', '2019-11-08 12:46:29'),
(110, 109, 'Burnice Hills', 'Qui facilis consequatur labore et dicta. Dignissimos illo aut in reiciendis enim. Fugit ad sed iste porro fugit tenetur quam. Ipsum labore harum omnis non vitae architecto quibusdam modi.', 1, '2019-11-08 12:46:29', '2019-11-08 12:46:29'),
(111, 83, 'Miss Letha Labadie Sr.', 'Accusantium nihil quidem voluptatem aperiam nesciunt accusantium sit. Illo quas officiis ea et. Amet molestiae voluptatum iusto et asperiores iure itaque. Molestias beatae veritatis impedit ut.', 3, '2019-11-08 12:46:29', '2019-11-08 12:46:29'),
(112, 25, 'Herminio Oberbrunner', 'Nam quasi atque veritatis architecto. Qui perspiciatis fugiat vero a. Cumque expedita iusto quia qui.', 0, '2019-11-08 12:46:29', '2019-11-08 12:46:29'),
(113, 93, 'Valentina Marvin', 'Quasi porro suscipit dignissimos exercitationem. Accusantium quis inventore veritatis. Aut nam est rerum autem et in velit.', 2, '2019-11-08 12:46:29', '2019-11-08 12:46:29'),
(114, 8, 'Lori Lang', 'Cum quisquam aperiam est voluptatem hic odit autem. Consequatur odio ullam esse beatae. Vel ut repellat eum est dolorem ab quisquam. Quia enim quam beatae mollitia.', 4, '2019-11-08 12:46:29', '2019-11-08 12:46:29'),
(115, 24, 'Augustine Trantow', 'Possimus molestiae sequi tempore eum. Et asperiores quis expedita necessitatibus nam ut. Qui quia eum distinctio porro incidunt soluta nihil. Consequuntur quam alias consequatur repudiandae in.', 2, '2019-11-08 12:46:29', '2019-11-08 12:46:29'),
(116, 126, 'Haleigh Weimann', 'Velit impedit non quas fugiat sint consectetur dolorem reprehenderit. Quasi ut quo delectus iusto perspiciatis nisi voluptate voluptatem. Quis qui exercitationem accusantium eaque dolore.', 2, '2019-11-08 12:46:29', '2019-11-08 12:46:29'),
(117, 8, 'Rosalind Lesch', 'Quis rerum vel laborum velit. Id dolores aperiam unde sapiente labore occaecati. Reiciendis nihil non sunt et quasi. Velit accusamus eveniet esse quis voluptatum maxime.', 4, '2019-11-08 12:46:29', '2019-11-08 12:46:29'),
(118, 115, 'Hertha Ondricka', 'Et deserunt et magnam et accusamus est. Voluptate earum consequatur libero qui assumenda. Sequi autem accusamus molestiae minus laborum quidem.', 3, '2019-11-08 12:46:29', '2019-11-08 12:46:29'),
(119, 141, 'Roger Fadel IV', 'Iste quia qui iure ab non ut. Omnis quod omnis quasi labore cupiditate doloremque quis. Nulla autem recusandae eaque at molestiae quidem enim. Non id et aspernatur exercitationem voluptatum.', 5, '2019-11-08 12:46:29', '2019-11-08 12:46:29'),
(120, 47, 'Jaydon Herzog', 'Et dolores animi vel voluptatem sunt. Iste beatae repudiandae esse qui. Qui consequatur mollitia enim velit nostrum. Excepturi et quibusdam molestiae.', 5, '2019-11-08 12:46:29', '2019-11-08 12:46:29'),
(121, 75, 'Nakia Ryan', 'Corrupti nam maxime quis facere qui dolor molestias. Esse blanditiis libero ratione vel et. Odio voluptatum eos ipsam.', 1, '2019-11-08 12:46:29', '2019-11-08 12:46:29'),
(122, 65, 'Ms. Alena Bailey DVM', 'Impedit et provident inventore voluptatem adipisci. Recusandae earum quia voluptatem quam voluptatibus vel sint. Debitis reiciendis ut tenetur omnis architecto dolor.', 3, '2019-11-08 12:46:29', '2019-11-08 12:46:29'),
(123, 66, 'Dr. Providenci Hudson', 'Maiores cumque voluptatem odio rerum dolor. Impedit enim incidunt nihil et sit. Id consectetur molestias ex.', 4, '2019-11-08 12:46:29', '2019-11-08 12:46:29'),
(124, 2, 'Prof. Jolie Ullrich I', 'Ducimus maiores mollitia similique neque ab impedit. Non error necessitatibus commodi ex voluptas ratione et. Ipsum asperiores ex corrupti aut provident. Blanditiis qui perspiciatis sed a.', 3, '2019-11-08 12:46:29', '2019-11-08 12:46:29'),
(125, 67, 'Korey Hand', 'Qui architecto laboriosam accusamus. Iste fugiat autem fuga alias. Autem sed dolores nisi. Voluptatem quibusdam occaecati fugiat eligendi alias aut. Delectus numquam eveniet eligendi veritatis et eum.', 4, '2019-11-08 12:46:29', '2019-11-08 12:46:29'),
(126, 85, 'Mr. Alberto Ferry', 'Debitis vel ea doloribus. Exercitationem cum molestias saepe rerum. Commodi et sint libero in consequatur repellat architecto. Beatae eos aliquid nisi cum inventore aut quam.', 2, '2019-11-08 12:46:29', '2019-11-08 12:46:29'),
(127, 80, 'Prof. Virginia Hagenes', 'Sapiente dolore fugit illo consequuntur. Dolore veritatis est perspiciatis accusamus est distinctio.', 2, '2019-11-08 12:46:29', '2019-11-08 12:46:29'),
(128, 37, 'Alexandrine Kub', 'Perspiciatis non nesciunt qui voluptates. Cumque veniam omnis est sunt quos natus est ipsa. Officiis corporis rem sunt doloremque deserunt.', 3, '2019-11-08 12:46:29', '2019-11-08 12:46:29'),
(129, 126, 'Alene Jakubowski', 'Ea harum quo sunt possimus eum ea. Consequuntur voluptates harum provident maxime sed et ut. Nulla voluptate sit minima quasi autem.', 4, '2019-11-08 12:46:29', '2019-11-08 12:46:29'),
(130, 115, 'Prof. Lou Berge I', 'Harum qui sequi accusantium id non iure. Corporis inventore necessitatibus rerum quia sit. Velit eius hic rerum commodi. Numquam nihil possimus in tenetur.', 1, '2019-11-08 12:46:29', '2019-11-08 12:46:29'),
(131, 47, 'Elfrieda Huel', 'Aspernatur harum eaque adipisci enim quod maxime. Libero maiores eum aut. Consequuntur corporis quas temporibus est.', 0, '2019-11-08 12:46:29', '2019-11-08 12:46:29'),
(132, 138, 'Fannie McKenzie', 'Eius sit sed adipisci aliquid cumque. Repellendus fugiat laboriosam fuga consequatur quod eius aut. Et repellendus repellendus saepe iure. Dolorem officia sint commodi.', 0, '2019-11-08 12:46:29', '2019-11-08 12:46:29'),
(133, 111, 'Conor Jones', 'Officia dignissimos nam dolores beatae sunt ipsam magnam. Animi architecto repellendus corrupti. Sit doloremque ipsam accusantium officiis minus rerum aliquam.', 1, '2019-11-08 12:46:29', '2019-11-08 12:46:29'),
(134, 116, 'Kylee Gerlach', 'Excepturi dolor temporibus placeat possimus mollitia impedit. Hic quibusdam eum blanditiis ut nisi fugiat. Autem reiciendis velit minus autem ducimus suscipit.', 5, '2019-11-08 12:46:29', '2019-11-08 12:46:29'),
(135, 135, 'Annamarie Wilderman', 'Non occaecati aut ea qui quasi ut sed dolor. Alias quo doloribus aspernatur. Occaecati rerum est voluptas ipsum. Doloribus vero optio consequatur consequatur doloribus.', 2, '2019-11-08 12:46:29', '2019-11-08 12:46:29'),
(136, 85, 'Tiffany Stoltenberg', 'Voluptatem vel dolorem laudantium voluptas perferendis. Cumque aut aut aspernatur dolore dolorum et. Est qui corporis ipsum voluptate. Tempore ut recusandae iste culpa sit voluptas. At laborum tempore autem qui.', 4, '2019-11-08 12:46:30', '2019-11-08 12:46:30'),
(137, 118, 'Mr. Reid Willms PhD', 'Quibusdam deleniti dolorum quo repellendus distinctio. Sunt voluptas quia deleniti tenetur consectetur in. Aut voluptate molestiae eos ut et laudantium. Itaque debitis perspiciatis fugit eligendi numquam molestiae. Saepe tempore debitis omnis a est modi inventore.', 3, '2019-11-08 12:46:30', '2019-11-08 12:46:30'),
(138, 139, 'Sabryna Nitzsche', 'Et voluptatum eum labore sit ipsum saepe odio. Sequi consequuntur quia quo ea.', 4, '2019-11-08 12:46:30', '2019-11-08 12:46:30'),
(139, 131, 'Augustine Emard', 'Fugiat voluptatem omnis quisquam amet dignissimos ut. Minima qui aut vitae rerum doloribus quae sequi. Et sed numquam nostrum magni rem. Non possimus impedit est cum.', 0, '2019-11-08 12:46:30', '2019-11-08 12:46:30'),
(140, 67, 'Rossie Waelchi', 'Et eum eius possimus dolorum nam ut magnam. Officiis doloremque cupiditate quia. Voluptates eos illum at sit blanditiis iusto. Similique dolor aut ex voluptate vel. Praesentium ipsa beatae et dolores quis qui unde voluptatum.', 1, '2019-11-08 12:46:30', '2019-11-08 12:46:30'),
(141, 50, 'Mr. Tremaine Abernathy III', 'Fuga nemo nihil quidem deserunt. Omnis velit dolore accusantium esse voluptas veniam. Deleniti sunt libero maxime reiciendis recusandae consequatur omnis.', 5, '2019-11-08 12:46:30', '2019-11-08 12:46:30'),
(142, 74, 'Jerrold Koss', 'Tenetur quo qui et eos asperiores excepturi. Sit voluptatum ullam optio. Est qui voluptate omnis eum repudiandae blanditiis omnis.', 3, '2019-11-08 12:46:30', '2019-11-08 12:46:30'),
(143, 39, 'Matilda Walsh Jr.', 'Nisi velit assumenda a est a beatae impedit. Aperiam autem et veritatis ut cumque minus. Dolore sequi sint rerum culpa alias molestiae. Autem laboriosam fugiat quis sed expedita ab ut reprehenderit. Nisi est quae quia quis.', 5, '2019-11-08 12:46:30', '2019-11-08 12:46:30'),
(144, 70, 'Ari Shields', 'Reiciendis et vel pariatur molestias perferendis fuga aspernatur. Perferendis adipisci nihil accusamus voluptas et necessitatibus excepturi corporis. Dolores sit excepturi magnam exercitationem.', 2, '2019-11-08 12:46:30', '2019-11-08 12:46:30'),
(145, 52, 'Francisco Johnston', 'Voluptates in ea nulla dicta quia quam nemo fugiat. Et et laborum magni autem consequatur sint ut.', 4, '2019-11-08 12:46:30', '2019-11-08 12:46:30'),
(146, 118, 'Jocelyn Feil', 'Iure molestias numquam alias cupiditate sunt ut accusantium fugiat. Sed modi libero veniam qui occaecati. Quia quasi omnis repellat sint quo iusto assumenda. Placeat architecto sed nihil eum consequuntur eligendi vel adipisci.', 5, '2019-11-08 12:46:30', '2019-11-08 12:46:30'),
(147, 49, 'Lucas Hessel', 'Odio et aliquid reprehenderit consectetur fuga nemo. Qui eaque consectetur unde. Qui est repudiandae omnis vero ea.', 4, '2019-11-08 12:46:30', '2019-11-08 12:46:30'),
(148, 123, 'Prof. Deangelo Luettgen', 'Repudiandae velit aut vero recusandae optio possimus. Est earum maiores voluptatem temporibus autem aliquid et. Nihil blanditiis unde et tenetur.', 1, '2019-11-08 12:46:30', '2019-11-08 12:46:30'),
(149, 76, 'Alexzander Kshlerin', 'Nobis dolorum non quis doloremque minus. Eaque assumenda quae eos nihil nobis commodi doloribus. Eos veritatis aut delectus officia occaecati.', 0, '2019-11-08 12:46:30', '2019-11-08 12:46:30'),
(150, 20, 'Prof. Cloyd Windler', 'Dolorum doloribus consequuntur ut. Autem voluptatem qui inventore. Ut eum qui omnis dolore non. Quaerat omnis aliquid ut quasi.', 4, '2019-11-08 12:46:30', '2019-11-08 12:46:30'),
(151, 47, 'Wilhelmine Keebler V', 'Qui distinctio sit eum asperiores. Dolor eos aliquid blanditiis itaque soluta ut. Consequatur quis soluta nemo.', 4, '2019-11-08 12:46:30', '2019-11-08 12:46:30'),
(152, 89, 'Flo Brekke', 'Repellendus placeat et doloribus est. Porro dignissimos sed iusto voluptas aut non. Maxime illo ex rerum dolorum vero.', 2, '2019-11-08 12:46:30', '2019-11-08 12:46:30'),
(153, 39, 'Charity Sporer', 'Voluptatibus harum omnis totam molestias. Voluptatem aut quos asperiores eius. Ea illum impedit ab distinctio consectetur voluptas quos. Minus quia rerum ab sit optio.', 5, '2019-11-08 12:46:30', '2019-11-08 12:46:30'),
(154, 145, 'Alyson Haley', 'Eum dignissimos cumque itaque architecto. Totam consectetur sunt quibusdam et. Quisquam et officiis aperiam fugiat non.', 0, '2019-11-08 12:46:31', '2019-11-08 12:46:31'),
(155, 122, 'Dr. Daron Kling', 'Exercitationem esse modi nobis ducimus fugit quasi. Ratione illum inventore harum est animi dolorum quae. Rerum occaecati autem ut omnis aut vel et.', 0, '2019-11-08 12:46:31', '2019-11-08 12:46:31'),
(156, 44, 'Kaylin Lakin IV', 'Enim sunt odit vitae fuga explicabo nihil dolor autem. Excepturi et assumenda unde quas. Dicta sed nesciunt dolores perspiciatis corrupti possimus dolores cupiditate. Mollitia officiis quia quis temporibus nulla tempore laudantium.', 5, '2019-11-08 12:46:31', '2019-11-08 12:46:31'),
(157, 88, 'Dr. Blanche Weimann I', 'Non enim reiciendis inventore veniam facere architecto sit. Aliquam explicabo earum officiis voluptatem qui nulla laboriosam.', 3, '2019-11-08 12:46:31', '2019-11-08 12:46:31'),
(158, 101, 'Prof. Blake Mills', 'Ducimus voluptate sed nam laboriosam. Impedit tempora autem expedita. Nam quo id asperiores deleniti.', 2, '2019-11-08 12:46:31', '2019-11-08 12:46:31'),
(159, 24, 'Dustin Conroy', 'Consequuntur quos temporibus consequatur. Voluptas quidem et eveniet perspiciatis dolores voluptatem. Saepe ut nihil est illo iusto similique.', 4, '2019-11-08 12:46:31', '2019-11-08 12:46:31'),
(160, 14, 'Kavon Zemlak', 'Rerum ipsa sed officiis. Assumenda voluptatem voluptate a ut. Sed quidem harum quod qui impedit. Sint excepturi accusantium beatae est est velit fugiat.', 0, '2019-11-08 12:46:31', '2019-11-08 12:46:31'),
(161, 60, 'Chloe Franecki DVM', 'Aspernatur deserunt quis molestiae dolor dolor neque. Vero nostrum et sint optio. Et dolorum et est nihil iure.', 5, '2019-11-08 12:46:31', '2019-11-08 12:46:31'),
(162, 31, 'Helene Gerhold PhD', 'Tempora voluptas repellendus qui aspernatur quis voluptatem. Atque nobis illum unde sapiente qui. Deleniti et et cumque et quidem et. Doloribus unde iure amet voluptates qui dignissimos adipisci.', 5, '2019-11-08 12:46:31', '2019-11-08 12:46:31'),
(163, 38, 'Vesta Sawayn', 'Quam odio dolorum illum dolor aut commodi nisi. Ut ab cupiditate eaque qui sit ea. Eum porro delectus quisquam odio voluptas officiis.', 3, '2019-11-08 12:46:31', '2019-11-08 12:46:31'),
(164, 72, 'Shania McGlynn', 'Qui pariatur est dolore fuga a dolorum maxime. Dicta et commodi et officiis distinctio aliquid architecto. Veritatis praesentium recusandae molestiae culpa consequatur ut.', 2, '2019-11-08 12:46:31', '2019-11-08 12:46:31'),
(165, 50, 'Aaron Cummerata', 'Voluptate doloribus voluptatem pariatur officiis eos doloremque porro. Dolor harum delectus necessitatibus pariatur quasi maiores deserunt. Omnis qui id aut neque vero nisi. Rerum ipsa voluptatibus qui necessitatibus aliquam voluptatum.', 4, '2019-11-08 12:46:31', '2019-11-08 12:46:31'),
(166, 1, 'Benton Gusikowski', 'Beatae delectus accusamus repudiandae dolorum expedita. Sed reiciendis aut incidunt. Nihil voluptatem magni voluptatum similique in.', 3, '2019-11-08 12:46:31', '2019-11-08 12:46:31'),
(167, 67, 'Estell Skiles', 'Vel eligendi deleniti eum possimus. Nam quaerat ea aut id illum. Voluptatibus nihil nihil veritatis et at recusandae. Corrupti tenetur harum totam suscipit.', 5, '2019-11-08 12:46:31', '2019-11-08 12:46:31'),
(168, 9, 'Kristoffer Johnson', 'Sit aliquid deserunt placeat et at velit qui. Quas sint praesentium accusamus et commodi rerum. Officia exercitationem sint odio modi id. Aperiam sunt non nihil ea culpa architecto.', 4, '2019-11-08 12:46:31', '2019-11-08 12:46:31'),
(169, 61, 'Mr. Pablo Kozey', 'Consequatur accusantium sapiente aliquam architecto eius quasi. Numquam quia ea vel voluptatum. Qui necessitatibus ad ad blanditiis iste molestiae tenetur. Cupiditate enim ut dolores aut laboriosam dolores fugit.', 2, '2019-11-08 12:46:32', '2019-11-08 12:46:32'),
(170, 106, 'Lincoln Baumbach', 'Rem placeat voluptates autem illum maiores. Doloremque voluptatem odio quasi occaecati qui ea vitae aut. Corporis ea possimus accusamus ab neque. Quis et iusto id tempora provident voluptas et.', 1, '2019-11-08 12:46:32', '2019-11-08 12:46:32'),
(171, 119, 'Enid Zboncak V', 'Soluta dolore deleniti atque. Asperiores nobis qui voluptas nemo sed. Et ex animi aut voluptas eligendi reiciendis nulla. Magnam molestias possimus qui aut. Ipsam facere et in voluptas accusamus perspiciatis.', 2, '2019-11-08 12:46:32', '2019-11-08 12:46:32'),
(172, 133, 'Rebeca Dietrich', 'Minus tempora quia omnis placeat nobis consequatur et. Fuga iure porro distinctio laboriosam atque sed eveniet. Recusandae voluptas modi minus sed et fugiat est.', 4, '2019-11-08 12:46:32', '2019-11-08 12:46:32'),
(173, 135, 'Carmela Stiedemann', 'Aliquam qui eaque omnis rerum sit. Qui illo nesciunt ut autem vel. Velit ex non debitis nam omnis ut. Ut reiciendis natus voluptas corrupti.', 0, '2019-11-08 12:46:32', '2019-11-08 12:46:32'),
(174, 107, 'Magnus Reichert', 'Labore iure et aut corporis eius quas nihil. Veritatis debitis sed eaque reiciendis. Maxime a quas iusto aut. Quod laudantium alias ut voluptas nulla.', 0, '2019-11-08 12:46:32', '2019-11-08 12:46:32'),
(175, 142, 'Walker Ward', 'Occaecati aliquid doloremque amet ut ipsa ut ut facere. Non ex non nobis tempora facilis optio doloremque optio. Quod consectetur distinctio reiciendis neque.', 4, '2019-11-08 12:46:32', '2019-11-08 12:46:32'),
(176, 92, 'Ms. Margret Wehner PhD', 'Aperiam mollitia dolor fugiat maxime voluptatem ab esse harum. Incidunt labore et aut sint fugit. Ut quod corrupti eveniet fugiat vel perferendis autem. Eos ut voluptas saepe placeat quibusdam fugiat ratione. Id recusandae perspiciatis aliquam odio voluptatem repellat dolores debitis.', 4, '2019-11-08 12:46:32', '2019-11-08 12:46:32'),
(177, 107, 'Prof. Einar Krajcik MD', 'Ut molestiae unde qui repudiandae distinctio perferendis. Dolores voluptate eos maiores est explicabo adipisci. Vel cupiditate doloribus molestiae enim dolor dolorem.', 2, '2019-11-08 12:46:32', '2019-11-08 12:46:32'),
(178, 23, 'Maddison Thompson', 'Esse omnis omnis ad recusandae rerum. Quo id blanditiis ut quaerat voluptatem modi. Impedit numquam ea qui dolorem ratione dolor voluptatem.', 2, '2019-11-08 12:46:32', '2019-11-08 12:46:32'),
(179, 66, 'Mr. Gonzalo Ullrich DVM', 'Iusto ea et doloribus. Magni et consequuntur et dolore mollitia. Molestias est iste optio.', 1, '2019-11-08 12:46:32', '2019-11-08 12:46:32'),
(180, 80, 'Prof. Tyra Dooley', 'Qui accusantium officia sit. Eos assumenda maiores dolores eligendi nisi cum blanditiis. Est eligendi ex similique est iste id. Repudiandae maiores ipsum explicabo officia molestiae.', 5, '2019-11-08 12:46:32', '2019-11-08 12:46:32'),
(181, 147, 'Nolan Kutch', 'Hic facilis itaque eveniet qui voluptas voluptatem. Placeat corporis cumque quod nulla. Esse ab ad ullam architecto eos consequatur laboriosam iure. Pariatur architecto ut nesciunt in voluptates corrupti.', 2, '2019-11-08 12:46:32', '2019-11-08 12:46:32'),
(182, 102, 'Kariane Leffler', 'Laboriosam suscipit facere minus saepe et necessitatibus porro impedit. Dignissimos quaerat asperiores exercitationem id at a. Ipsa provident itaque quae aut ullam qui.', 2, '2019-11-08 12:46:32', '2019-11-08 12:46:32'),
(183, 30, 'Dr. Nathanial Eichmann Sr.', 'Possimus deleniti hic occaecati maiores quo neque. Deserunt dolorum omnis cumque. Architecto id dolorem facilis ducimus tempore voluptas. Dolorem quis nisi quae aspernatur voluptates et. Molestiae laborum labore quis vero voluptates expedita.', 5, '2019-11-08 12:46:32', '2019-11-08 12:46:32'),
(184, 106, 'Erica Brekke', 'Magnam aut est sit unde enim aliquam facilis. Beatae sed natus dolorem nulla voluptas facere et. Porro possimus assumenda magni distinctio nihil nihil. Sit aperiam culpa repudiandae nihil corporis quasi aut.', 4, '2019-11-08 12:46:32', '2019-11-08 12:46:32'),
(185, 84, 'Avis Denesik', 'Dolorem recusandae quia suscipit. Mollitia non id rerum laboriosam rerum molestias enim. Consequatur reprehenderit perspiciatis suscipit est repellat et rerum iste.', 1, '2019-11-08 12:46:32', '2019-11-08 12:46:32'),
(186, 138, 'Prof. Cletus Ferry Sr.', 'Eius aut ea voluptatem quia illo molestiae. Dolorem delectus voluptatem et ut alias. Occaecati molestiae quod iste dolor accusantium quaerat. Dolore dolores numquam sunt molestias quis numquam placeat. Eveniet eius officiis facilis dolorem voluptatem hic.', 0, '2019-11-08 12:46:32', '2019-11-08 12:46:32'),
(187, 4, 'Fae Marquardt II', 'Pariatur deleniti eaque ut quod possimus. Nulla quis ut accusamus iusto ex. Corporis deleniti est facere molestiae dolorum enim optio. Quam magni eligendi eaque tempore.', 0, '2019-11-08 12:46:32', '2019-11-08 12:46:32'),
(188, 23, 'Marcel Heller', 'Voluptas harum dignissimos fugiat nesciunt. Optio aut nostrum voluptatem. Consequatur nam et quia in cupiditate ut adipisci id.', 5, '2019-11-08 12:46:32', '2019-11-08 12:46:32'),
(189, 139, 'Dr. Dorian Schimmel', 'Delectus optio qui unde dolore distinctio. Repellat dolores autem ut a dolorem modi autem. Natus et rerum aut officiis enim. Aut facilis sunt aperiam recusandae magni.', 5, '2019-11-08 12:46:32', '2019-11-08 12:46:32'),
(190, 43, 'Eugene Thiel', 'Delectus et est odio quis. Ex omnis dolorem autem ullam iste. Non quibusdam voluptatem alias voluptatem dignissimos.', 4, '2019-11-08 12:46:32', '2019-11-08 12:46:32'),
(191, 54, 'Otho Konopelski', 'Saepe qui aut nisi illum et. Rem occaecati quas fugiat rerum perferendis praesentium molestiae. Autem distinctio quis expedita fuga doloremque. Ipsam quam sed qui facere odio.', 3, '2019-11-08 12:46:32', '2019-11-08 12:46:32'),
(192, 110, 'Faye Nikolaus', 'Harum iusto non nobis. Accusantium omnis voluptate quibusdam consequatur voluptatem beatae consequatur. Quia nemo corporis rerum quod mollitia amet quisquam.', 3, '2019-11-08 12:46:32', '2019-11-08 12:46:32'),
(193, 31, 'Orin Purdy II', 'Et velit eos officiis quibusdam voluptates. Et dolores quis excepturi iste qui et dicta. Laudantium aut autem asperiores in qui. Nisi dolorem deserunt quia.', 5, '2019-11-08 12:46:32', '2019-11-08 12:46:32'),
(194, 1, 'Nathan Hodkiewicz', 'Vitae facilis dolor impedit aut iure ut possimus. Deleniti autem illum provident ea odit neque. Nemo quia facere non nostrum inventore consequuntur.', 3, '2019-11-08 12:46:32', '2019-11-08 12:46:32'),
(195, 78, 'Larissa Gutmann', 'Reprehenderit dolores quia quo nam. Ad optio recusandae et ea recusandae autem autem. Voluptas corrupti recusandae earum veritatis in qui quia quia.', 5, '2019-11-08 12:46:32', '2019-11-08 12:46:32'),
(196, 84, 'Mrs. Esperanza Mayer', 'Molestiae dolor aut quia iusto eveniet non. Similique velit accusantium ea officia recusandae ad. Eos nulla fugiat soluta dignissimos at delectus et.', 3, '2019-11-08 12:46:33', '2019-11-08 12:46:33'),
(197, 98, 'Miss Romaine Wisoky', 'Minima aperiam voluptatibus fugit at. Mollitia quia corrupti quo ea consequatur. Animi non autem officiis accusamus distinctio placeat fugit. Praesentium nesciunt eum molestiae consectetur et necessitatibus consectetur.', 2, '2019-11-08 12:46:33', '2019-11-08 12:46:33'),
(198, 32, 'Cordie DuBuque V', 'Voluptas est ut qui quibusdam suscipit amet. Quia mollitia non quos sunt et incidunt. Voluptas voluptas aperiam iure autem earum placeat molestiae exercitationem.', 1, '2019-11-08 12:46:33', '2019-11-08 12:46:33'),
(199, 146, 'Emelia Haley', 'Unde ullam labore ipsa doloremque voluptate enim. Vitae et corporis esse non ducimus expedita. Quia molestiae enim et veniam consequatur.', 2, '2019-11-08 12:46:33', '2019-11-08 12:46:33'),
(200, 106, 'Ozella Gaylord PhD', 'Dolore sint et distinctio debitis omnis et magni. Similique rem exercitationem ipsa nobis saepe. Est omnis reiciendis eius quis sint quis veniam. Facere asperiores facilis alias quas ea est.', 3, '2019-11-08 12:46:33', '2019-11-08 12:46:33'),
(201, 48, 'Miss Wilhelmine Denesik MD', 'Neque qui mollitia quae aliquid. Ratione odio architecto dolorum suscipit. Deleniti error doloremque sit. Autem dolor id corporis sequi. Fugiat facere et repudiandae consequatur voluptas nesciunt.', 0, '2019-11-08 12:46:33', '2019-11-08 12:46:33'),
(202, 149, 'Prof. Godfrey Olson', 'Hic labore eum consectetur molestiae eum qui nesciunt. Consequatur sapiente a iusto sed quo est labore qui.', 0, '2019-11-08 12:46:33', '2019-11-08 12:46:33'),
(203, 128, 'Keith Botsford', 'Incidunt eos quis a vel omnis perferendis hic. Id molestias iure incidunt nam sint et. Harum sunt est vitae eaque. Itaque sequi omnis sed blanditiis voluptatem exercitationem.', 1, '2019-11-08 12:46:33', '2019-11-08 12:46:33'),
(204, 77, 'Mr. Ceasar Quitzon I', 'Ratione nihil est excepturi et nihil. Esse a necessitatibus ut sunt asperiores maiores. Illo voluptates a recusandae nisi quia aut iusto. Mollitia dolore quam ipsum minima. Provident omnis qui corrupti aut aut.', 3, '2019-11-08 12:46:33', '2019-11-08 12:46:33'),
(205, 42, 'Mr. Jimmy Batz III', 'Odio velit odio architecto voluptas. Corporis quos inventore et harum. Perferendis velit nobis autem odit optio neque.', 3, '2019-11-08 12:46:33', '2019-11-08 12:46:33');
INSERT INTO `reviews` (`id`, `product_id`, `customer`, `review`, `star`, `created_at`, `updated_at`) VALUES
(206, 80, 'Frances Kunze', 'Ut sint quae dolores eveniet vel vero. Totam nemo sint corrupti iusto a nemo animi eos. Optio et sed quia nisi ipsa nihil officia. Sunt ipsa accusamus quidem.', 4, '2019-11-08 12:46:33', '2019-11-08 12:46:33'),
(207, 52, 'Emmett Nader', 'Porro ad repellat aliquam esse non. Pariatur sed voluptatem rerum quasi. Quia eos deleniti exercitationem voluptatem delectus reprehenderit ea.', 1, '2019-11-08 12:46:33', '2019-11-08 12:46:33'),
(208, 128, 'Dr. Delilah Wilkinson V', 'Et aperiam eaque reiciendis sit dolor rerum omnis. Omnis esse velit aliquam repellendus. Nam distinctio earum voluptas reprehenderit tempore veritatis. Nam illo in dolorem aut tempore quas.', 1, '2019-11-08 12:46:33', '2019-11-08 12:46:33'),
(209, 4, 'Ethelyn Kiehn', 'Quas amet minima possimus ipsum quas iusto. Officiis temporibus qui quas officiis. Dignissimos quae fuga porro.', 4, '2019-11-08 12:46:33', '2019-11-08 12:46:33'),
(210, 102, 'Ansel Tromp', 'Id sint laudantium nostrum sed. Culpa ea maxime iusto accusantium quia. Et magnam dolores reiciendis fugiat suscipit.', 3, '2019-11-08 12:46:33', '2019-11-08 12:46:33'),
(211, 133, 'Prof. Simone Deckow', 'Maiores molestiae eum aliquam. Nihil deserunt voluptas facilis tempora velit ab consequatur quia. Distinctio expedita architecto hic nostrum et dolorem est.', 1, '2019-11-08 12:46:33', '2019-11-08 12:46:33'),
(212, 100, 'Adriel Rosenbaum Sr.', 'Officiis totam impedit et. Qui repellat fugit reprehenderit neque pariatur consequatur. Quia dolor voluptatem autem atque quod omnis. Sequi nobis architecto rerum corrupti molestiae earum fuga.', 3, '2019-11-08 12:46:33', '2019-11-08 12:46:33'),
(213, 55, 'Justine Kautzer', 'Alias omnis id sit aut. Repellendus praesentium sed optio reiciendis minima. Cumque doloribus qui laudantium at ducimus.', 2, '2019-11-08 12:46:33', '2019-11-08 12:46:33'),
(214, 123, 'Summer Romaguera', 'Consectetur optio ut consectetur vel voluptatum. Quia esse qui et. Magni nihil est ipsa quia. Non nesciunt velit magni nostrum.', 0, '2019-11-08 12:46:33', '2019-11-08 12:46:33'),
(215, 95, 'Donny Murazik', 'Ipsum animi vero dicta omnis corrupti in nulla. Repellendus inventore velit et incidunt. Consequatur et earum tenetur aut aut harum qui est. Eaque aliquam ut perferendis qui quia id.', 3, '2019-11-08 12:46:33', '2019-11-08 12:46:33'),
(216, 28, 'Rodrigo Altenwerth', 'Et adipisci labore cupiditate itaque voluptatem. Labore nemo laborum omnis cumque necessitatibus accusantium occaecati.', 0, '2019-11-08 12:46:33', '2019-11-08 12:46:33'),
(217, 106, 'Kendrick Altenwerth', 'Distinctio voluptatem vero neque beatae sint id. In sit ut eum aut nihil ut. Hic quidem unde et. Ad omnis incidunt sed quia qui modi.', 3, '2019-11-08 12:46:33', '2019-11-08 12:46:33'),
(218, 64, 'Sandrine Satterfield', 'Voluptas est culpa nihil et distinctio et voluptatem cupiditate. Atque magnam veniam facilis consequatur aut animi. Et consequatur quia earum dolor quibusdam nihil. Dolorem dolores quaerat commodi harum.', 1, '2019-11-08 12:46:33', '2019-11-08 12:46:33'),
(219, 8, 'Francisca Braun', 'Voluptas reprehenderit quia occaecati. Voluptas iste commodi sed mollitia.', 2, '2019-11-08 12:46:33', '2019-11-08 12:46:33'),
(220, 14, 'Lloyd Emard', 'Maiores vel vero cum ex iste quidem deleniti. Voluptatem similique delectus molestiae velit magni laborum. Incidunt quaerat laborum nesciunt eligendi in nostrum. Ut minima perferendis qui quis asperiores.', 0, '2019-11-08 12:46:34', '2019-11-08 12:46:34'),
(221, 109, 'Mr. Leland Schowalter II', 'Incidunt velit nisi aperiam at fugit veritatis eius. Atque exercitationem minima molestiae recusandae et. Nemo odit beatae dignissimos et non. Sit ab magnam voluptas eaque in.', 5, '2019-11-08 12:46:34', '2019-11-08 12:46:34'),
(222, 96, 'Theresia Watsica', 'Vero consequatur facilis in et ratione. Molestiae architecto laudantium dolores autem voluptate quia. Distinctio cum ea illum rerum. Est aut iste aut totam eius.', 1, '2019-11-08 12:46:34', '2019-11-08 12:46:34'),
(223, 109, 'Prof. Hank Reinger', 'Laudantium reiciendis facilis est quia consequatur non. Ipsam et recusandae rerum est. Officiis at mollitia expedita adipisci. Sit placeat id ex vitae.', 0, '2019-11-08 12:46:34', '2019-11-08 12:46:34'),
(224, 71, 'Mr. Osbaldo Renner', 'Non velit aut voluptas asperiores quod. Itaque laboriosam laudantium deserunt laborum. Ratione ut fuga natus sed et. Mollitia sint impedit asperiores cupiditate et cum delectus.', 2, '2019-11-08 12:46:34', '2019-11-08 12:46:34'),
(225, 20, 'Rodrick Collier', 'Distinctio fugiat aut non deleniti ullam est reiciendis dolorem. Animi ducimus nihil nihil aut id.', 4, '2019-11-08 12:46:34', '2019-11-08 12:46:34'),
(226, 140, 'Dr. Hannah Pfannerstill II', 'Sunt suscipit voluptas quia. Fugiat in praesentium dolorem consectetur maiores. Aut modi voluptates eligendi quasi. Iste aut consequuntur libero labore ducimus at.', 5, '2019-11-08 12:46:34', '2019-11-08 12:46:34'),
(227, 20, 'Eda Towne', 'Sapiente soluta molestiae enim ea magnam. Rem omnis sed quo sapiente porro.', 1, '2019-11-08 12:46:34', '2019-11-08 12:46:34'),
(228, 71, 'Prince Altenwerth PhD', 'Debitis quisquam esse qui laborum. Quia ut repudiandae reiciendis ut quia aliquid. Inventore aut quo repellendus rem ipsa consequuntur quis.', 5, '2019-11-08 12:46:34', '2019-11-08 12:46:34'),
(229, 104, 'Prof. Fermin Kuhic II', 'Doloremque ipsam ut doloribus omnis sint ut odit ut. Labore soluta recusandae unde cumque. Nesciunt voluptatem laboriosam qui cumque velit adipisci placeat.', 1, '2019-11-08 12:46:34', '2019-11-08 12:46:34'),
(230, 75, 'Gene Watsica', 'Assumenda suscipit aut sint nihil. Earum quaerat architecto voluptatem deleniti. Ut libero sed et possimus dolores neque animi consequatur. Vel quae et et molestiae molestiae nihil. Sint eligendi necessitatibus in molestiae.', 5, '2019-11-08 12:46:34', '2019-11-08 12:46:34'),
(231, 113, 'Miss Gisselle Leffler', 'Dolor corporis consectetur molestiae quis voluptas ipsam vel. Et modi sit doloremque vel placeat consectetur molestiae. Laudantium eos et rerum ad eos. Aut architecto delectus rerum quisquam et repudiandae.', 4, '2019-11-08 12:46:34', '2019-11-08 12:46:34'),
(232, 92, 'Gilda Rosenbaum', 'Sequi aperiam voluptatem minus rerum. Atque sit aliquam recusandae minus qui illo voluptatem. Nihil nostrum voluptatibus reiciendis ducimus eum velit qui. Maxime ullam rerum est debitis voluptates omnis.', 2, '2019-11-08 12:46:34', '2019-11-08 12:46:34'),
(233, 74, 'Randi Altenwerth V', 'Sint officiis et doloribus quidem repellendus sapiente. Sint enim tenetur nulla voluptas voluptas voluptatum. Eum vitae voluptatem fuga modi dolorem fuga. Omnis asperiores odio dolorum vero neque consequatur.', 1, '2019-11-08 12:46:34', '2019-11-08 12:46:34'),
(234, 104, 'Prof. Jude Gaylord', 'Cupiditate qui rerum eveniet quo. Omnis consequuntur aut architecto officiis maxime unde non id. Officia qui quisquam quis.', 1, '2019-11-08 12:46:34', '2019-11-08 12:46:34'),
(235, 69, 'Nina Bauch', 'Nobis sint ab sequi sit. Ad occaecati et doloribus id qui.', 5, '2019-11-08 12:46:34', '2019-11-08 12:46:34'),
(236, 30, 'Litzy Schowalter DDS', 'Ut id et atque qui ut et. Cum harum ut expedita laborum. Eos omnis et eaque explicabo.', 4, '2019-11-08 12:46:34', '2019-11-08 12:46:34'),
(237, 117, 'Jacinto Skiles', 'Minus sint nemo adipisci incidunt. Ad exercitationem et quia qui. Numquam amet voluptatum autem sint voluptatem in. Excepturi corrupti distinctio dolorem.', 5, '2019-11-08 12:46:34', '2019-11-08 12:46:34'),
(238, 54, 'Marjorie Klocko', 'Tempora sequi necessitatibus qui dignissimos praesentium assumenda possimus. Laborum odit incidunt voluptate eius commodi nihil. Et sunt quo molestiae quia ut voluptatem officia.', 0, '2019-11-08 12:46:34', '2019-11-08 12:46:34'),
(239, 38, 'Delia Brown', 'Quis accusantium consequatur expedita nobis consequatur quia ea. Quo nam voluptate nulla consequatur odit deleniti repellendus dolores. Eaque minima alias itaque porro repudiandae odit.', 4, '2019-11-08 12:46:34', '2019-11-08 12:46:34'),
(240, 20, 'Mazie Stokes', 'Autem laborum velit dolorem ad. Ullam veniam vel nesciunt veniam. Repellendus est quibusdam quidem est qui. Quis mollitia veniam libero corrupti ullam voluptas et.', 0, '2019-11-08 12:46:35', '2019-11-08 12:46:35'),
(241, 113, 'Willie Schmitt', 'Qui sunt id velit est dolores. Ut et et magni quod consequatur ipsam nobis.', 2, '2019-11-08 12:46:35', '2019-11-08 12:46:35'),
(242, 148, 'Kristy Ward', 'Et sint magnam modi hic excepturi eos sint. Iusto sit impedit dolorem corporis magnam laborum sint ea. Officia aliquam error et repellat nihil et dolore. Qui pariatur magnam ullam in porro ex nobis. Molestiae dolorum omnis quidem reiciendis ipsum doloribus dicta eum.', 0, '2019-11-08 12:46:35', '2019-11-08 12:46:35'),
(243, 101, 'Wellington Greenfelder', 'Consectetur tempora quo eos minus occaecati porro. Voluptas voluptatibus distinctio at minima et. Ut esse ut excepturi optio quia.', 4, '2019-11-08 12:46:35', '2019-11-08 12:46:35'),
(244, 24, 'Mr. Kyleigh Cummings I', 'Non quae inventore ipsam ea commodi consectetur. Illum ea dignissimos adipisci voluptatibus. A aperiam quia provident quos asperiores.', 1, '2019-11-08 12:46:35', '2019-11-08 12:46:35'),
(245, 21, 'Prof. Filomena Beer', 'Quos odit sed et dolore iusto recusandae facere. Nesciunt esse laudantium odio aspernatur enim voluptatum. Animi soluta fugit aut eveniet sed. Aliquam et fuga tenetur.', 3, '2019-11-08 12:46:35', '2019-11-08 12:46:35'),
(246, 38, 'Mr. Toby Klocko DVM', 'Et est sit accusantium accusamus impedit itaque tempore omnis. Quod qui ut eligendi aut explicabo qui blanditiis. Minima commodi mollitia eius sequi autem. Accusantium officiis vitae et laboriosam illum cumque placeat.', 5, '2019-11-08 12:46:35', '2019-11-08 12:46:35'),
(247, 148, 'Mr. Pedro Kilback IV', 'Ut possimus consectetur voluptatem aliquam et reprehenderit. Dignissimos natus autem nihil quod. Nihil delectus omnis qui fugit.', 4, '2019-11-08 12:46:35', '2019-11-08 12:46:35'),
(248, 92, 'Miss Santina Schiller', 'Qui doloribus id laudantium accusantium velit ex enim. Est totam molestias amet corrupti cumque. Reprehenderit dolores quo ex et rerum ut ut fuga. Sint similique nam animi nihil tempora quibusdam sequi.', 5, '2019-11-08 12:46:35', '2019-11-08 12:46:35'),
(249, 128, 'Miss Jaclyn Bogan III', 'Dolores accusamus libero non dolor dicta tenetur. Quos enim et consectetur dignissimos. Et nisi excepturi unde ratione est. Cum non vero commodi cum culpa quisquam.', 1, '2019-11-08 12:46:35', '2019-11-08 12:46:35'),
(250, 44, 'Emilia Johns', 'Inventore ducimus dolores necessitatibus. Exercitationem vero unde voluptatibus culpa. Consequatur ut nostrum culpa repudiandae iure iure. Ex et voluptas labore reprehenderit totam minus excepturi voluptas.', 1, '2019-11-08 12:46:35', '2019-11-08 12:46:35'),
(251, 103, 'Prof. Alisha Dickinson', 'Nulla vel consequatur consectetur voluptatem hic consequatur ut. Et amet expedita corrupti quidem. In et officiis harum. Consectetur maiores amet quo sint aut et. Culpa similique provident nostrum vero.', 0, '2019-11-08 12:46:35', '2019-11-08 12:46:35'),
(252, 82, 'Deshawn Walter V', 'Distinctio ut et numquam pariatur laborum. Delectus autem nihil facere eum eius. Dolore error sint sit quia repellat.', 1, '2019-11-08 12:46:35', '2019-11-08 12:46:35'),
(253, 56, 'Trever Funk', 'Dicta quidem et aut repudiandae commodi. Nihil perspiciatis et adipisci dignissimos dolores. Molestiae qui in id illo. Accusantium non debitis omnis autem fugiat pariatur.', 2, '2019-11-08 12:46:35', '2019-11-08 12:46:35'),
(254, 136, 'Miss Nicolette West II', 'Ducimus aut reprehenderit quae soluta. Aut molestiae nemo reprehenderit ipsum. A optio illo iure aut minus ipsam. Repellat ea dolores explicabo aut.', 0, '2019-11-08 12:46:35', '2019-11-08 12:46:35'),
(255, 76, 'Elias Glover MD', 'At ea eveniet ut sed. Doloremque fuga similique est maiores suscipit quae ut. Et itaque esse eos beatae eum. Repellendus ut illo eos maxime vitae eaque.', 4, '2019-11-08 12:46:35', '2019-11-08 12:46:35'),
(256, 53, 'Alysha Runte', 'Aut quo vel reprehenderit totam omnis. Qui sit molestiae ratione reprehenderit facere exercitationem. Consequatur sit quo odit qui excepturi aspernatur.', 2, '2019-11-08 12:46:35', '2019-11-08 12:46:35'),
(257, 79, 'Merle Kassulke', 'Nihil molestiae sed et vel. Eum quo id non quia. Fuga ipsa labore et vel sit illo et.', 2, '2019-11-08 12:46:35', '2019-11-08 12:46:35'),
(258, 32, 'Guillermo Doyle', 'Quia provident blanditiis veritatis itaque et iure. Ut saepe consequatur illo blanditiis minima consectetur enim. Saepe quae impedit eum id.', 2, '2019-11-08 12:46:35', '2019-11-08 12:46:35'),
(259, 31, 'Ward Blanda', 'Harum vel enim non eveniet nostrum autem aut. Aspernatur provident et doloremque voluptas omnis reprehenderit et. Aut totam unde et et tenetur rerum. Sed iure minima vero est deserunt.', 4, '2019-11-08 12:46:35', '2019-11-08 12:46:35'),
(260, 135, 'Bertha Gaylord', 'Velit aliquid ipsum consequatur sunt est nobis tenetur. Voluptatibus et provident maxime est voluptates est dicta. Rem deleniti blanditiis deserunt aut. Eaque laudantium tempore assumenda labore laudantium molestias pariatur.', 1, '2019-11-08 12:46:35', '2019-11-08 12:46:35'),
(261, 62, 'Jodie Barrows', 'Ut ad odio eveniet aut voluptatibus quas. Earum rerum sit expedita totam pariatur voluptas et. Sit ipsam quod et.', 0, '2019-11-08 12:46:35', '2019-11-08 12:46:35'),
(262, 121, 'Miss Aniya Graham', 'Et tenetur aut error maxime. Eveniet voluptatum ab id fuga ipsam. Cumque assumenda nostrum cumque corrupti atque. Odit voluptatibus minima et laboriosam.', 2, '2019-11-08 12:46:35', '2019-11-08 12:46:35'),
(263, 38, 'Joaquin Harvey', 'Unde quia et voluptatem necessitatibus tempora. Ducimus sint cum voluptates odit deserunt assumenda. Et voluptate quia facilis velit vel nulla in quos.', 4, '2019-11-08 12:46:36', '2019-11-08 12:46:36'),
(264, 7, 'Colleen Barrows', 'Quasi alias est voluptas repellendus vero qui. Quo autem earum tempore exercitationem. Autem eum aperiam harum error.', 1, '2019-11-08 12:46:36', '2019-11-08 12:46:36'),
(265, 63, 'Mrs. Gregoria Lakin I', 'Odit dicta quo explicabo beatae minus aliquam cum. Quo praesentium est amet molestiae consequatur doloremque. Consequatur fugit debitis est itaque veritatis omnis. Quo harum dolorum nemo.', 0, '2019-11-08 12:46:36', '2019-11-08 12:46:36'),
(266, 94, 'Delaney Jacobson', 'Quo totam reprehenderit itaque eligendi odio. Omnis dolores pariatur consequatur et blanditiis. Quia laborum culpa accusamus laudantium odit dolore.', 0, '2019-11-08 12:46:36', '2019-11-08 12:46:36'),
(267, 110, 'Dante Prohaska', 'Voluptatem id aut impedit alias exercitationem molestias velit. Non dicta ea aut rerum. Reprehenderit consequatur quisquam exercitationem dignissimos qui cumque aliquid sed. Sequi molestiae et ab qui occaecati.', 1, '2019-11-08 12:46:36', '2019-11-08 12:46:36'),
(268, 7, 'Braeden Huels I', 'Excepturi id explicabo quod. Sapiente aspernatur sed qui omnis ipsam quo earum impedit. Laboriosam id minus magnam adipisci et autem. Et esse quasi error nesciunt enim dolor.', 0, '2019-11-08 12:46:36', '2019-11-08 12:46:36'),
(269, 97, 'Buck Wuckert', 'At similique eveniet fugiat recusandae explicabo inventore ut. Maiores delectus adipisci modi est impedit. Earum dolores laboriosam non. Tempora odio ducimus consequatur quis. Nulla consequatur quia incidunt ut enim aut.', 3, '2019-11-08 12:46:36', '2019-11-08 12:46:36'),
(270, 48, 'Brionna Treutel', 'Explicabo quis sit odio quia et sint rerum. Id consequuntur omnis et aut delectus. Quae perferendis provident nihil quia et. Maxime ea nobis sunt enim.', 0, '2019-11-08 12:46:36', '2019-11-08 12:46:36'),
(271, 96, 'Dr. Graham Jacobs', 'Sapiente illo qui magni ut dolorem. Voluptate ipsam neque sint. Sit qui qui voluptate eaque culpa quaerat et. Voluptates laboriosam atque quidem dolore voluptates nulla.', 2, '2019-11-08 12:46:36', '2019-11-08 12:46:36'),
(272, 146, 'Mr. Derick Ruecker', 'Qui rem incidunt rerum expedita. Omnis et facilis nihil minus deserunt est. Tenetur maiores repellat molestias dolor voluptatem.', 2, '2019-11-08 12:46:36', '2019-11-08 12:46:36'),
(273, 42, 'Tiara O\'Reilly', 'Sunt harum consequatur error doloremque nam sint doloribus. Quaerat at eligendi accusamus. Rerum in aperiam sed. Placeat pariatur corrupti ad nisi libero qui voluptas.', 2, '2019-11-08 12:46:36', '2019-11-08 12:46:36'),
(274, 56, 'Prof. Devin Graham', 'Nemo cum harum et et dolorem. Facere eum ex officia ea adipisci aut. Maiores vel assumenda velit est veritatis excepturi natus. Deserunt eum illum quos quo rerum tempora.', 2, '2019-11-08 12:46:36', '2019-11-08 12:46:36'),
(275, 124, 'Madalyn Stiedemann', 'Odio et rerum sit consequuntur. Distinctio molestiae ea mollitia consequuntur. Quia quidem repellat quis minima. Sed enim eveniet cumque quo.', 0, '2019-11-08 12:46:36', '2019-11-08 12:46:36'),
(276, 6, 'Nia Schmeler', 'Dignissimos modi blanditiis quisquam a. Temporibus voluptatum voluptate saepe ab et velit odio. Voluptas rerum ratione velit aut aperiam unde autem asperiores. Aperiam voluptates quod quod nobis.', 0, '2019-11-08 12:46:36', '2019-11-08 12:46:36'),
(277, 107, 'Loma Dickens', 'Facere molestiae et id aut. Laborum voluptatem consequatur esse fugiat voluptas minus rerum. Possimus molestias voluptas atque earum sapiente hic.', 1, '2019-11-08 12:46:36', '2019-11-08 12:46:36'),
(278, 39, 'Ross Will', 'Dolores voluptatem cumque officiis. Ut sint ut reprehenderit perspiciatis sint suscipit fugit omnis. Eos tempora voluptatum quos inventore optio nobis. Temporibus nobis aspernatur dolor ut.', 5, '2019-11-08 12:46:36', '2019-11-08 12:46:36'),
(279, 10, 'Niko Bailey', 'Architecto inventore officiis minima. Illum quidem velit accusantium maxime atque. Eligendi praesentium eos maxime tempora. Eum dolore deleniti sunt sit atque reprehenderit omnis. Blanditiis culpa consequatur debitis neque facilis reprehenderit cum.', 1, '2019-11-08 12:46:36', '2019-11-08 12:46:36'),
(280, 85, 'Reinhold Bartoletti', 'Doloremque inventore ex possimus quis nostrum a rerum. Adipisci sint adipisci ab consequatur omnis omnis dolorum. Enim quia consequatur voluptas ipsam ducimus. Ut occaecati quia facere dolorem. Fugiat error laudantium omnis velit porro nemo asperiores amet.', 3, '2019-11-08 12:46:36', '2019-11-08 12:46:36'),
(281, 15, 'Dr. Jon Dickinson', 'Ut qui nihil ea nihil. Qui esse animi dolore. Ipsam quis debitis distinctio suscipit.', 2, '2019-11-08 12:46:36', '2019-11-08 12:46:36'),
(282, 35, 'Derick Haag III', 'Dolores illum veritatis quod. Explicabo non rem rem debitis. Consectetur et ullam labore deserunt suscipit.', 2, '2019-11-08 12:46:36', '2019-11-08 12:46:36'),
(283, 108, 'Mr. Braulio Armstrong PhD', 'Doloribus blanditiis mollitia molestiae rerum necessitatibus officiis. Rem ut labore debitis asperiores placeat. Totam ut impedit natus iusto voluptatum amet. Molestias maxime aliquid consectetur dolore.', 5, '2019-11-08 12:46:36', '2019-11-08 12:46:36'),
(284, 12, 'Khalil Schimmel V', 'Voluptatem et eum quos cum. Quaerat culpa ipsum inventore tempora porro dolore. Rem dolorem qui non consequatur aut voluptatem recusandae. Vitae omnis dignissimos qui ipsum est repudiandae.', 3, '2019-11-08 12:46:36', '2019-11-08 12:46:36'),
(285, 46, 'Winnifred Crona', 'Ut occaecati et quod. Veritatis animi est necessitatibus facilis. Dolor perferendis quos eaque mollitia sint quibusdam. Aut saepe nulla nesciunt. Repellat aspernatur animi nemo ut voluptatem vel perspiciatis perferendis.', 2, '2019-11-08 12:46:36', '2019-11-08 12:46:36'),
(286, 17, 'Lavinia Waelchi', 'Tempora labore vel odit quas tempore. Corrupti eum explicabo ut sint qui consectetur ipsa. Velit ducimus quia nostrum totam velit.', 2, '2019-11-08 12:46:36', '2019-11-08 12:46:36'),
(287, 114, 'Baylee Wehner', 'Autem aliquid perspiciatis voluptatum itaque sequi veniam assumenda. Repellat adipisci sit itaque. Sed rerum quia sapiente consequuntur amet molestiae explicabo.', 0, '2019-11-08 12:46:36', '2019-11-08 12:46:36'),
(288, 57, 'Howell Mraz', 'Ipsam enim quisquam voluptatem voluptatem voluptatem amet sint dolorem. Consequuntur voluptatem quidem est ut. Voluptatem id ut illo exercitationem eum est. Non nam dolores dolore tempora.', 3, '2019-11-08 12:46:36', '2019-11-08 12:46:36'),
(289, 19, 'Efren Skiles', 'Et molestias neque voluptate doloremque quis. Doloremque quia culpa adipisci repellendus amet. Porro consequuntur eum nihil eum.', 4, '2019-11-08 12:46:37', '2019-11-08 12:46:37'),
(290, 52, 'Cecil Conn Jr.', 'Exercitationem minus repellat enim fugit nisi recusandae. Aliquid deleniti deserunt quia ut adipisci rerum. Alias enim animi amet. Et hic voluptas occaecati ut.', 3, '2019-11-08 12:46:37', '2019-11-08 12:46:37'),
(291, 32, 'Ramiro Stehr', 'Quo qui tenetur earum aspernatur similique et itaque. Sed dolores velit molestias autem. Quam quia dolor aut ab deleniti laborum aut et. Sit ut repellat nemo maiores enim omnis ea.', 2, '2019-11-08 12:46:37', '2019-11-08 12:46:37'),
(292, 137, 'Dr. Katlyn Rau', 'Et enim doloribus qui eveniet. Sint et officiis tempora eius dolor.', 1, '2019-11-08 12:46:37', '2019-11-08 12:46:37'),
(293, 34, 'Miss Hope Beatty', 'Dolorem vel iure magni temporibus eos sunt sunt. Debitis aspernatur et omnis ea ipsa illum consequatur quod. Nostrum aut fugiat et in officia culpa.', 1, '2019-11-08 12:46:37', '2019-11-08 12:46:37'),
(294, 119, 'Justyn Johnson Sr.', 'Doloremque sit necessitatibus sunt qui nesciunt iure saepe. Soluta repellendus non voluptate delectus adipisci qui. Delectus blanditiis voluptatum excepturi deserunt culpa ut quia quam. Maiores expedita rerum hic distinctio. Aut quos consequatur aut.', 3, '2019-11-08 12:46:37', '2019-11-08 12:46:37'),
(295, 108, 'Mellie Barton V', 'Rerum quia cum est suscipit consequatur. Earum repellat ratione fugiat. Voluptates esse blanditiis in nam.', 1, '2019-11-08 12:46:37', '2019-11-08 12:46:37'),
(296, 76, 'Prof. Kasandra Larson', 'Iure temporibus quae nobis cum sed. Consequatur inventore saepe excepturi fugiat qui. Quod autem illum quidem est et. Eos sit et voluptas sapiente. Ut voluptatem odit odio dolorum.', 1, '2019-11-08 12:46:37', '2019-11-08 12:46:37'),
(297, 25, 'Hector Abshire', 'In delectus nam rem. Ut explicabo ut ullam quia odio saepe quidem. Qui nesciunt deserunt deserunt est. Id facilis rerum officia ipsam quae voluptatem.', 2, '2019-11-08 12:46:37', '2019-11-08 12:46:37'),
(298, 91, 'Ms. Eileen Adams', 'Veniam sequi sint veniam dolorem. Praesentium quia ut repudiandae consectetur id. Excepturi voluptas sit voluptates dolorem. Explicabo dolor voluptatem itaque sit placeat non quis.', 1, '2019-11-08 12:46:37', '2019-11-08 12:46:37'),
(299, 149, 'Prof. Brielle Runolfsson', 'Illum explicabo sequi ea quibusdam laudantium consectetur. Est dolor ea rerum et voluptates occaecati. Cum maxime officia mollitia et omnis. Ad maiores id voluptatum eaque et ut.', 4, '2019-11-08 12:46:37', '2019-11-08 12:46:37'),
(300, 47, 'Ryder Donnelly', 'Harum vel quia aliquam minus doloremque. Dolorem eum sint quis ullam quibusdam eum omnis qui. Ut perferendis non in delectus.', 1, '2019-11-08 12:46:37', '2019-11-08 12:46:37');

--
-- Indexes for dumped tables
--

--
-- Indexes for table `migrations`
--
ALTER TABLE `migrations`
  ADD PRIMARY KEY (`id`);

--
-- Indexes for table `products`
--
ALTER TABLE `products`
  ADD PRIMARY KEY (`id`);

--
-- Indexes for table `reviews`
--
ALTER TABLE `reviews`
  ADD PRIMARY KEY (`id`),
  ADD KEY `reviews_product_id_index` (`product_id`);

--
-- AUTO_INCREMENT for dumped tables
--

--
-- AUTO_INCREMENT for table `migrations`
--
ALTER TABLE `migrations`
  MODIFY `id` int(10) UNSIGNED NOT NULL AUTO_INCREMENT, AUTO_INCREMENT=5;

--
-- AUTO_INCREMENT for table `products`
--
ALTER TABLE `products`
  MODIFY `id` int(10) UNSIGNED NOT NULL AUTO_INCREMENT, AUTO_INCREMENT=151;

--
-- AUTO_INCREMENT for table `reviews`
--
ALTER TABLE `reviews`
  MODIFY `id` int(10) UNSIGNED NOT NULL AUTO_INCREMENT, AUTO_INCREMENT=301;

--
-- Constraints for dumped tables
--

--
-- Constraints for table `reviews`
--
ALTER TABLE `reviews`
  ADD CONSTRAINT `reviews_product_id_foreign` FOREIGN KEY (`product_id`) REFERENCES `products` (`id`) ON DELETE CASCADE;
COMMIT;

/*!40101 SET CHARACTER_SET_CLIENT=@OLD_CHARACTER_SET_CLIENT */;
/*!40101 SET CHARACTER_SET_RESULTS=@OLD_CHARACTER_SET_RESULTS */;
/*!40101 SET COLLATION_CONNECTION=@OLD_COLLATION_CONNECTION */;
